transaction_id,amount,payment_method,failure_reason,customer_attempts,hour,recovery_probability,recovered
TXN00001,15895,UPI,Insufficient Funds,5,15,0.2623549975499193,0
TXN00002,960,Netbanking,Network Error,1,21,0.5749873535369816,1
TXN00003,38258,Wallet,Authentication Failed,2,5,0.3257558525687393,0
TXN00004,44832,Netbanking,Insufficient Funds,2,2,0.45465047140868875,0
TXN00005,11384,Wallet,Timeout,1,1,0.9705855472742234,1
TXN00006,6365,Card,Bank Declined,2,1,0.5521508201901264,0
TXN00007,16950,Card,Bank Declined,1,12,0.25804020697613683,1
TXN00008,37294,Card,Bank Declined,1,8,0.6340009334341858,0
TXN00009,22062,Netbanking,Timeout,3,15,0.5381560961158799,1
TXN00010,47291,Card,Insufficient Funds,4,4,0.6491476327139084,0
TXN00011,44231,UPI,Timeout,2,22,0.6042747038215291,1
TXN00012,16123,Wallet,Bank Declined,2,20,0.33498772625957196,1
TXN00013,41190,Wallet,Authentication Failed,3,6,0.33377393588380144,1
TXN00014,1785,UPI,Network Error,3,12,0.8381349265048122,1
TXN00015,869,Netbanking,Timeout,3,19,0.4859113188151519,1
TXN00016,2533,Netbanking,Timeout,5,23,0.837063375911456,1
TXN00017,5411,Wallet,Insufficient Funds,5,12,0.19412111753661956,0
TXN00018,37919,Card,Insufficient Funds,5,6,0.2751804580909165,1
TXN00019,39288,Netbanking,Timeout,1,9,0.6258408807077895,1
TXN00020,17668,Netbanking,Bank Declined,2,14,0.8602370947854154,1
TXN00021,19869,UPI,Network Error,4,20,0.9522119973276771,1
TXN00022,28793,UPI,Insufficient Funds,1,5,0.1948103127956015,0
TXN00023,6496,Card,Bank Declined,2,4,0.45075332887015096,0
TXN00024,27580,Netbanking,Authentication Failed,2,22,0.3045795719176406,0
TXN00025,41534,Netbanking,Insufficient Funds,3,1,0.40698955551944793,1
TXN00026,25758,UPI,Bank Declined,3,20,0.5224077854862665,1
TXN00027,19042,Netbanking,Bank Declined,1,14,0.8305321137155126,0
TXN00028,18531,Wallet,Network Error,3,15,0.9510037644537507,0
TXN00029,2847,UPI,Network Error,2,18,0.5684971737051044,1
TXN00030,289,Card,Authentication Failed,3,8,0.5442165601132927,1
TXN00031,19218,UPI,Bank Declined,5,21,0.8273653744022931,1
TXN00032,35873,Netbanking,Bank Declined,3,18,0.764695465421543,1
TXN00033,1999,Card,Network Error,2,6,0.3025594179412545,0
TXN00034,1367,UPI,Insufficient Funds,1,3,0.2740416949285077,1
TXN00035,31651,Wallet,Insufficient Funds,4,2,0.34524196935528817,0
TXN00036,11494,Wallet,Timeout,3,23,0.4608013985782622,1
TXN00037,3656,UPI,Network Error,2,19,0.4397001311271571,0
TXN00038,3990,Wallet,Timeout,4,10,0.32644915461697577,0
TXN00039,41706,Wallet,Network Error,4,0,0.7503588075488323,0
TXN00040,30840,Wallet,Authentication Failed,5,5,0.38375720333821595,0
TXN00041,14602,Card,Bank Declined,4,10,0.23664302490191919,0
TXN00042,21877,Wallet,Authentication Failed,2,0,0.36168551736964455,0
TXN00043,10727,Wallet,Network Error,2,20,0.8613397669852886,1
TXN00044,8892,Wallet,Bank Declined,3,6,0.7960424271525826,1
TXN00045,43423,Card,Insufficient Funds,3,5,0.38814637163531185,0
TXN00046,43121,UPI,Insufficient Funds,3,13,0.34124946928608035,0
TXN00047,8533,Netbanking,Timeout,4,1,0.98,1
TXN00048,43101,Wallet,Network Error,4,3,0.4403952617116489,0
TXN00049,11116,UPI,Network Error,5,10,0.4507514979982259,1
TXN00050,23997,Wallet,Insufficient Funds,3,14,0.25430702392547977,1
TXN00051,2712,Card,Authentication Failed,1,17,0.32093012279676114,0
TXN00052,23583,UPI,Bank Declined,5,0,0.4655559187429306,0
TXN00053,48655,Card,Authentication Failed,1,2,0.8375839588928276,1
TXN00054,17259,Wallet,Authentication Failed,4,2,0.630743488440002,1
TXN00055,45074,Wallet,Insufficient Funds,5,6,0.33836258402858455,0
TXN00056,41094,Card,Insufficient Funds,5,0,0.7040875561998502,1
TXN00057,14641,Netbanking,Insufficient Funds,2,10,0.08392496273307565,1
TXN00058,36020,Card,Timeout,4,5,0.447193324531303,0
TXN00059,26631,Wallet,Authentication Failed,4,19,0.5961220235712312,0
TXN00060,1685,Card,Network Error,5,2,0.7308868362352253,1
TXN00061,4043,Netbanking,Bank Declined,4,18,0.22769025459382922,0
TXN00062,24039,Card,Timeout,5,1,0.5821271305349925,0
TXN00063,19557,Netbanking,Network Error,2,17,0.7544077753816109,1
TXN00064,1121,Netbanking,Authentication Failed,5,11,0.6886493824823812,1
TXN00065,11753,Card,Insufficient Funds,4,9,0.49669793176138843,0
TXN00066,43673,Card,Authentication Failed,4,4,0.4243942570526472,1
TXN00067,13517,UPI,Bank Declined,5,8,0.26546408651853665,1
TXN00068,40857,Wallet,Timeout,5,1,0.5989787124935338,1
TXN00069,9792,Netbanking,Timeout,5,1,0.3901281061576388,0
TXN00070,45858,UPI,Bank Declined,3,5,0.863336560964467,1
TXN00071,6973,Card,Network Error,4,9,0.6326196062158397,0
TXN00072,5775,Wallet,Network Error,4,17,0.5220814220498072,1
TXN00073,261,UPI,Timeout,3,11,0.83641284978323,0
TXN00074,37165,Netbanking,Timeout,5,3,0.6485640148075847,1
TXN00075,26657,UPI,Insufficient Funds,2,21,0.267023816808715,0
TXN00076,33863,Netbanking,Network Error,5,20,0.8683774196735611,1
TXN00077,32706,Card,Bank Declined,5,16,0.8070065057007854,1
TXN00078,11634,Wallet,Network Error,3,14,0.7711057164020739,0
TXN00079,29227,Wallet,Insufficient Funds,4,5,0.08287509568536713,0
TXN00080,40497,Wallet,Timeout,5,15,0.6964260161165724,1
TXN00081,25951,Card,Timeout,4,16,0.834306438398097,0
TXN00082,1116,Netbanking,Insufficient Funds,1,2,0.14555210845850755,0
TXN00083,24353,Card,Bank Declined,4,9,0.36006952596922237,0
TXN00084,24376,Wallet,Timeout,2,4,0.9177465735476954,1
TXN00085,23347,Card,Authentication Failed,2,13,0.21408520529715183,0
TXN00086,24400,Card,Timeout,5,20,0.8269089964781832,1
TXN00087,8629,Card,Authentication Failed,4,12,0.5316413047600961,0
TXN00088,17362,Netbanking,Insufficient Funds,5,5,0.36274051118772477,1
TXN00089,9368,UPI,Insufficient Funds,3,11,0.05496757274642103,0
TXN00090,21371,UPI,Timeout,2,7,0.8735787616765448,1
TXN00091,12285,Card,Network Error,5,4,0.5518774304455966,1
TXN00092,21343,UPI,Authentication Failed,3,14,0.5785359419103799,0
TXN00093,39199,UPI,Bank Declined,5,15,0.6741104804349616,0
TXN00094,8671,Card,Timeout,4,0,0.791840703506541,1
TXN00095,40076,Card,Bank Declined,4,15,0.8691860411782506,1
TXN00096,38144,Wallet,Timeout,4,4,0.6719379672656264,1
TXN00097,49316,UPI,Network Error,4,2,0.5798036856820993,1
TXN00098,49084,Netbanking,Network Error,1,19,0.9675925385441956,1
TXN00099,40874,Card,Network Error,3,14,0.7494771645178647,1
TXN00100,2668,Wallet,Network Error,3,12,0.508705249393589,0
TXN00101,2127,Netbanking,Insufficient Funds,4,23,0.1385249717824998,0
TXN00102,2795,UPI,Insufficient Funds,1,15,0.6397881510256268,1
TXN00103,48290,Wallet,Authentication Failed,4,22,0.4535271219559061,0
TXN00104,5358,Card,Bank Declined,1,10,0.6623288049551017,1
TXN00105,22102,Netbanking,Timeout,4,20,0.6295714935561286,1
TXN00106,39604,Card,Timeout,2,1,0.43925084585652685,1
TXN00107,33259,UPI,Insufficient Funds,2,21,0.47118062603432553,0
TXN00108,14086,Netbanking,Timeout,5,5,0.3424781482654776,1
TXN00109,12766,UPI,Insufficient Funds,4,5,0.3393397219098345,1
TXN00110,38760,UPI,Authentication Failed,3,13,0.5826304577645698,1
TXN00111,3661,Wallet,Bank Declined,5,10,0.5052328818830054,0
TXN00112,26954,Card,Authentication Failed,2,7,0.7240705226756936,1
TXN00113,39052,Netbanking,Network Error,4,7,0.8795474681817187,1
TXN00114,22762,UPI,Network Error,5,0,0.8398701518232247,1
TXN00115,8492,UPI,Network Error,4,20,0.32716906346826147,0
TXN00116,30635,Netbanking,Authentication Failed,2,6,0.33589013931218054,0
TXN00117,13167,UPI,Timeout,5,5,0.675625256484642,1
TXN00118,48133,Wallet,Bank Declined,2,20,0.8543754283106608,1
TXN00119,23699,Wallet,Network Error,1,7,0.8844697425364817,1
TXN00120,35322,Wallet,Network Error,2,18,0.8897741558462612,1
TXN00121,11937,Wallet,Network Error,4,21,0.5122457356317724,0
TXN00122,14139,UPI,Bank Declined,3,20,0.5006135279550918,1
TXN00123,30918,Netbanking,Network Error,2,23,0.6294941631211561,0
TXN00124,19215,Netbanking,Bank Declined,3,19,0.3101601083449373,0
TXN00125,11065,Netbanking,Network Error,1,7,0.32174769117111945,0
TXN00126,24638,Netbanking,Authentication Failed,5,13,0.8628320296223617,1
TXN00127,42630,Card,Authentication Failed,5,17,0.3684988099644547,1
TXN00128,5156,Netbanking,Bank Declined,3,15,0.36796423260654193,1
TXN00129,32582,Card,Authentication Failed,5,8,0.2583653376381317,0
TXN00130,47816,Card,Bank Declined,2,14,0.849955426360645,1
TXN00131,8210,Wallet,Authentication Failed,3,9,0.6058159804578404,1
TXN00132,13873,Card,Authentication Failed,4,21,0.6669257999877477,1
TXN00133,27366,UPI,Bank Declined,2,15,0.8381038210841367,0
TXN00134,17512,Card,Timeout,2,3,0.5419341182305526,1
TXN00135,33370,Wallet,Authentication Failed,2,19,0.6350551177966588,0
TXN00136,7010,Card,Network Error,4,12,0.3271596183102212,0
TXN00137,45553,UPI,Timeout,1,21,0.43074076976179054,0
TXN00138,25546,UPI,Bank Declined,5,4,0.7818720635629597,1
TXN00139,306,UPI,Timeout,3,21,0.836737849436835,1
TXN00140,21618,Wallet,Insufficient Funds,1,6,0.29544988402000283,0
TXN00141,22461,Wallet,Insufficient Funds,3,22,0.31376743944194874,0
TXN00142,23519,Netbanking,Authentication Failed,5,8,0.5734881034875057,1
TXN00143,48802,Wallet,Authentication Failed,4,7,0.20016870327959418,0
TXN00144,41623,UPI,Network Error,2,15,0.46887103522661955,0
TXN00145,45251,UPI,Timeout,2,5,0.4457622660257501,0
TXN00146,22503,Wallet,Insufficient Funds,4,15,0.2253380627248344,0
TXN00147,18241,Card,Authentication Failed,1,5,0.7641340897734088,1
TXN00148,14920,Wallet,Timeout,1,13,0.4957716995825102,1
TXN00149,40442,Wallet,Authentication Failed,3,20,0.3340649254351037,1
TXN00150,6474,UPI,Authentication Failed,4,0,0.552984422555122,1
TXN00151,1778,Netbanking,Insufficient Funds,1,8,0.6559515254609124,1
TXN00152,33927,UPI,Insufficient Funds,4,23,0.21894479268624992,1
TXN00153,16298,Netbanking,Authentication Failed,5,12,0.25497536995495906,0
TXN00154,10014,UPI,Bank Declined,2,18,0.44948331509476525,1
TXN00155,27990,Wallet,Authentication Failed,2,16,0.7233562771954845,1
TXN00156,22399,UPI,Authentication Failed,2,10,0.5854833812863562,1
TXN00157,43685,UPI,Network Error,4,7,0.8717553587020431,1
TXN00158,43789,UPI,Network Error,4,22,0.9717145033264637,1
TXN00159,42657,Wallet,Network Error,3,4,0.8548637337261319,1
TXN00160,49180,Wallet,Bank Declined,2,9,0.6226621551906273,1
TXN00161,44120,Wallet,Bank Declined,3,6,0.5453391116366664,1
TXN00162,2793,Wallet,Authentication Failed,2,9,0.22804836044378668,0
TXN00163,29567,Netbanking,Network Error,3,3,0.98,1
TXN00164,29823,Netbanking,Bank Declined,3,8,0.46843678580252973,0
TXN00165,46799,Card,Insufficient Funds,5,13,0.15655974974180678,0
TXN00166,3727,Wallet,Authentication Failed,3,1,0.6666961987775197,1
TXN00167,26039,Netbanking,Timeout,4,8,0.49900180236682157,0
TXN00168,49025,UPI,Authentication Failed,3,20,0.6100447896517334,1
TXN00169,43041,Wallet,Timeout,2,0,0.7107375354912139,0
TXN00170,21934,Card,Network Error,3,22,0.6120108746320084,1
TXN00171,18147,Card,Timeout,1,9,0.8852830308815297,1
TXN00172,26205,Card,Network Error,2,9,0.48547694308881006,1
TXN00173,10330,UPI,Insufficient Funds,1,19,0.3640428141324139,0
TXN00174,15807,Netbanking,Timeout,2,21,0.6763844900136801,0
TXN00175,22076,UPI,Authentication Failed,4,2,0.6645373045371097,1
TXN00176,44362,Wallet,Network Error,4,5,0.8487802953539126,1
TXN00177,23876,Card,Authentication Failed,4,5,0.4763650980147792,1
TXN00178,30180,UPI,Bank Declined,1,20,0.6522328608676171,0
TXN00179,1406,UPI,Network Error,5,1,0.4054276671479634,1
TXN00180,6876,Netbanking,Timeout,2,17,0.9528536703797349,1
TXN00181,27351,Netbanking,Network Error,4,22,0.5681411644947024,1
TXN00182,9574,Card,Authentication Failed,2,1,0.7106649953835069,1
TXN00183,40394,UPI,Insufficient Funds,1,11,0.06423875731752438,0
TXN00184,22059,UPI,Network Error,5,21,0.44363100003336486,0
TXN00185,5630,Netbanking,Timeout,1,4,0.6409577810265046,1
TXN00186,29420,UPI,Bank Declined,2,19,0.8147767274126425,0
TXN00187,3848,UPI,Insufficient Funds,5,6,0.4190786049654739,0
TXN00188,32068,UPI,Bank Declined,5,23,0.8509093376057153,1
TXN00189,32662,Netbanking,Network Error,1,15,0.6386578276079574,1
TXN00190,13645,Card,Authentication Failed,4,19,0.543314367715165,0
TXN00191,763,Wallet,Authentication Failed,2,0,0.2838227519503723,0
TXN00192,34866,Card,Timeout,3,0,0.8618593709065537,1
TXN00193,8094,Wallet,Authentication Failed,3,16,0.3728757887269437,1
TXN00194,28121,UPI,Insufficient Funds,1,0,0.6797287425606205,1
TXN00195,30403,Card,Authentication Failed,2,20,0.8375769542312772,1
TXN00196,3404,Wallet,Timeout,2,19,0.9603170783119047,1
TXN00197,46676,Netbanking,Network Error,1,12,0.664161342372163,0
TXN00198,39453,Netbanking,Network Error,2,8,0.773965649348551,0
TXN00199,17775,Card,Authentication Failed,4,14,0.7449611160431644,1
TXN00200,44517,Card,Bank Declined,1,2,0.29171023305532595,0
TXN00201,24038,UPI,Network Error,4,13,0.720670036498248,1
TXN00202,23764,Card,Authentication Failed,2,22,0.22400853091231818,0
TXN00203,1736,UPI,Timeout,1,10,0.648296258372108,1
TXN00204,20180,UPI,Authentication Failed,2,23,0.3083898771341592,1
TXN00205,27828,Netbanking,Network Error,1,21,0.42804604817345926,1
TXN00206,49950,Netbanking,Timeout,2,11,0.5555332966848211,0
TXN00207,26836,Wallet,Authentication Failed,4,12,0.502706016701552,0
TXN00208,28773,Netbanking,Insufficient Funds,4,12,0.486220697172531,1
TXN00209,37605,Netbanking,Timeout,2,0,0.352099892906961,0
TXN00210,47423,Card,Insufficient Funds,1,23,0.40258423286621114,1
TXN00211,46745,Netbanking,Bank Declined,3,9,0.3278375911771708,0
TXN00212,954,Wallet,Timeout,4,2,0.7017826225222193,0
TXN00213,24648,Card,Insufficient Funds,4,23,0.4961832285828284,0
TXN00214,38723,Wallet,Network Error,3,3,0.6896964795869976,0
TXN00215,7492,Netbanking,Network Error,2,15,0.8168068573348154,1
TXN00216,46817,Wallet,Bank Declined,1,7,0.4349264709686309,1
TXN00217,21656,Card,Timeout,2,15,0.8355746141431916,1
TXN00218,38659,UPI,Timeout,5,16,0.6029369571957356,1
TXN00219,26409,Wallet,Timeout,4,18,0.6389291488258177,0
TXN00220,22019,Wallet,Bank Declined,5,21,0.65367148908275,1
TXN00221,5031,Card,Timeout,4,14,0.3128508687994568,1
TXN00222,33070,Card,Network Error,4,15,0.7577959549941738,1
TXN00223,44315,Wallet,Insufficient Funds,5,14,0.4830096043504807,0
TXN00224,12788,Netbanking,Network Error,5,1,0.5168929817272959,1
TXN00225,25442,Wallet,Network Error,2,10,0.3600559994296426,0
TXN00226,37257,Card,Insufficient Funds,5,0,0.1136548149391288,0
TXN00227,2427,UPI,Network Error,2,14,0.94625662288966,1
TXN00228,40872,UPI,Bank Declined,2,18,0.682495524858086,1
TXN00229,40645,Netbanking,Insufficient Funds,2,3,0.1389718296395183,0
TXN00230,297,Wallet,Network Error,4,10,0.5497062185162345,1
TXN00231,23609,UPI,Authentication Failed,4,4,0.6147380957311175,0
TXN00232,34798,Wallet,Network Error,5,2,0.8849001935634541,1
TXN00233,44642,Card,Bank Declined,4,12,0.23056265009910598,1
TXN00234,15187,UPI,Timeout,5,9,0.46564319202900617,0
TXN00235,22771,Netbanking,Network Error,4,10,0.922824293206766,1
TXN00236,25284,Card,Timeout,1,17,0.3064158851286716,0
TXN00237,27948,Netbanking,Authentication Failed,1,1,0.34097937195572114,0
TXN00238,42207,Card,Network Error,5,6,0.9713169231810762,1
TXN00239,20766,UPI,Insufficient Funds,4,8,0.47938129256551976,0
TXN00240,44457,Netbanking,Timeout,4,9,0.4831699566462545,1
TXN00241,15808,Netbanking,Authentication Failed,2,17,0.24689376607709335,0
TXN00242,26470,Card,Insufficient Funds,3,22,0.06973393831305552,0
TXN00243,49911,Netbanking,Insufficient Funds,5,6,0.22132155574584908,0
TXN00244,2911,Card,Insufficient Funds,3,6,0.6670400737122374,1
TXN00245,47111,Card,Insufficient Funds,3,2,0.3411395580082567,0
TXN00246,6646,Card,Network Error,5,11,0.804233358416195,0
TXN00247,34854,Card,Network Error,4,6,0.9427995247659703,1
TXN00248,30306,UPI,Network Error,5,16,0.5856283231219717,1
TXN00249,41206,Card,Authentication Failed,3,0,0.333894159726178,0
TXN00250,11511,Wallet,Authentication Failed,4,4,0.5619825515998436,1
TXN00251,3011,Netbanking,Authentication Failed,1,15,0.8356585809418982,1
TXN00252,1834,Wallet,Bank Declined,5,14,0.7630620898963905,1
TXN00253,18327,UPI,Authentication Failed,5,1,0.24608089035420766,0
TXN00254,8780,Wallet,Network Error,4,8,0.7848009600543072,0
TXN00255,19460,Netbanking,Network Error,1,6,0.7003282657212676,0
TXN00256,18443,Wallet,Bank Declined,1,3,0.8352242234424978,0
TXN00257,5859,UPI,Bank Declined,4,19,0.28573699179520806,0
TXN00258,23178,Card,Authentication Failed,2,17,0.5738252792432597,0
TXN00259,35253,Wallet,Timeout,5,20,0.9156238854583246,1
TXN00260,11211,UPI,Bank Declined,5,3,0.48701665071922007,1
TXN00261,37604,UPI,Insufficient Funds,3,12,0.38739644241300686,0
TXN00262,1902,Netbanking,Network Error,4,0,0.3493224743668708,0
TXN00263,8255,Netbanking,Insufficient Funds,3,23,0.24470054831423757,0
TXN00264,8220,Wallet,Network Error,3,2,0.5271546544182631,0
TXN00265,39484,Card,Network Error,1,15,0.9615857141214209,1
TXN00266,47125,UPI,Bank Declined,5,21,0.3978671523788113,1
TXN00267,47354,Wallet,Bank Declined,3,3,0.5226081146887565,0
TXN00268,22018,UPI,Insufficient Funds,1,22,0.5199130964949957,0
TXN00269,20545,UPI,Network Error,4,15,0.41352836068551413,1
TXN00270,30406,Card,Insufficient Funds,3,18,0.3905096709993121,0
TXN00271,16746,Card,Timeout,5,0,0.8169773276331352,1
TXN00272,46943,Wallet,Insufficient Funds,3,4,0.6567986491189463,0
TXN00273,31165,Card,Authentication Failed,4,18,0.6383814922636987,1
TXN00274,25299,Card,Insufficient Funds,3,21,0.5183374607218635,1
TXN00275,42076,Wallet,Authentication Failed,5,23,0.28839843080919825,0
TXN00276,16471,Card,Authentication Failed,1,10,0.8620435480724429,1
TXN00277,11935,Netbanking,Authentication Failed,5,12,0.2928018542391376,1
TXN00278,46036,UPI,Timeout,1,19,0.8422710560272587,0
TXN00279,2149,UPI,Insufficient Funds,2,4,0.23537142524482316,0
TXN00280,31716,UPI,Insufficient Funds,5,20,0.7035152005908761,0
TXN00281,38291,UPI,Timeout,5,3,0.8039716775586357,1
TXN00282,47457,Wallet,Network Error,4,3,0.8276695990848583,1
TXN00283,21032,UPI,Bank Declined,3,3,0.35334142114191835,0
TXN00284,29955,UPI,Insufficient Funds,1,3,0.3601279836446125,0
TXN00285,7258,UPI,Bank Declined,1,19,0.6324692362125004,1
TXN00286,43116,UPI,Timeout,4,20,0.8389815327446205,1
TXN00287,7500,Netbanking,Network Error,4,17,0.37277156313867266,0
TXN00288,42742,UPI,Network Error,3,17,0.9736557215181699,1
TXN00289,15251,Netbanking,Network Error,3,15,0.9231544693881891,1
TXN00290,1254,Wallet,Timeout,5,8,0.48924401334690903,1
TXN00291,4599,Card,Authentication Failed,2,17,0.7759321701226323,1
TXN00292,6395,UPI,Authentication Failed,3,21,0.5628267461278764,0
TXN00293,12283,Card,Bank Declined,4,1,0.523264537093413,0
TXN00294,29399,Card,Authentication Failed,3,20,0.4201038740679838,0
TXN00295,12974,Wallet,Authentication Failed,1,3,0.6066780106421147,1
TXN00296,32811,Card,Network Error,2,11,0.8109223823925183,0
TXN00297,5639,Netbanking,Network Error,5,6,0.5876530334739307,0
TXN00298,42505,Card,Bank Declined,1,14,0.6404534351058044,0
TXN00299,48454,Card,Insufficient Funds,1,6,0.5395190448087126,1
TXN00300,2657,Card,Bank Declined,2,21,0.6977852719107001,0
TXN00301,38460,UPI,Bank Declined,5,20,0.23637626869182618,0
TXN00302,16582,UPI,Timeout,4,16,0.9018234639795467,1
TXN00303,2300,Netbanking,Timeout,5,15,0.6207773203355335,1
TXN00304,47040,Netbanking,Bank Declined,3,18,0.3836912571873501,1
TXN00305,3061,UPI,Bank Declined,1,8,0.3692351552357771,1
TXN00306,47075,Netbanking,Bank Declined,3,13,0.5381098789907652,1
TXN00307,21457,UPI,Authentication Failed,4,16,0.8207820776282715,0
TXN00308,12069,Wallet,Timeout,3,4,0.5648433071778528,1
TXN00309,2969,Card,Bank Declined,5,1,0.7248080227484803,1
TXN00310,46860,Card,Network Error,3,19,0.367773111691053,1
TXN00311,28743,Netbanking,Network Error,4,15,0.6332396915057432,1
TXN00312,24836,UPI,Authentication Failed,4,13,0.894180298274915,1
TXN00313,38567,UPI,Authentication Failed,4,13,0.7393064619546359,0
TXN00314,23428,Netbanking,Insufficient Funds,5,0,0.19736994190842908,0
TXN00315,25976,UPI,Insufficient Funds,4,2,0.4010090315885374,1
TXN00316,21395,Wallet,Insufficient Funds,1,6,0.21353733455399662,0
TXN00317,4087,Card,Authentication Failed,4,14,0.4866926490837565,1
TXN00318,22499,Netbanking,Authentication Failed,3,18,0.7460588166144753,1
TXN00319,46314,Netbanking,Authentication Failed,3,19,0.7398573707032825,1
TXN00320,34086,UPI,Network Error,3,1,0.4596702645316696,0
TXN00321,20980,Netbanking,Authentication Failed,5,18,0.845556322708402,1
TXN00322,4835,Wallet,Network Error,3,8,0.7147977279353787,0
TXN00323,44164,UPI,Insufficient Funds,5,18,0.3159470036734101,1
TXN00324,4655,UPI,Insufficient Funds,5,4,0.40135490654660244,0
TXN00325,42014,UPI,Insufficient Funds,4,17,0.4735498774064205,0
TXN00326,40918,UPI,Bank Declined,1,15,0.5919233722920498,0
TXN00327,45625,Wallet,Bank Declined,4,3,0.5404835248753248,1
TXN00328,19930,UPI,Timeout,4,11,0.65345296286258,0
TXN00329,17529,Netbanking,Timeout,5,6,0.4234883372995203,0
TXN00330,6993,Wallet,Timeout,5,13,0.8689130330132756,1
TXN00331,14473,Card,Bank Declined,3,22,0.5792322239587108,1
TXN00332,47433,Card,Bank Declined,3,11,0.29175590319329214,0
TXN00333,3536,Netbanking,Timeout,4,2,0.8363099711079446,0
TXN00334,8854,Netbanking,Timeout,2,4,0.9527107848641455,1
TXN00335,10777,Wallet,Authentication Failed,2,16,0.8631148294658735,1
TXN00336,5995,Card,Timeout,3,9,0.558312412687821,0
TXN00337,19838,Card,Authentication Failed,2,9,0.2948618114925278,0
TXN00338,30846,Card,Network Error,3,10,0.6628797386431456,1
TXN00339,49477,Card,Bank Declined,5,16,0.2788264605444545,0
TXN00340,48504,Card,Timeout,4,4,0.953791192958832,1
TXN00341,32452,UPI,Bank Declined,1,12,0.3285057391486022,1
TXN00342,39890,Netbanking,Bank Declined,4,9,0.37693610196581484,0
TXN00343,42019,UPI,Bank Declined,3,8,0.4846455688194793,0
TXN00344,5700,Card,Network Error,3,16,0.5682151279913881,0
TXN00345,29224,Wallet,Insufficient Funds,4,0,0.6062640246785224,1
TXN00346,27743,Wallet,Timeout,3,3,0.6194217743856736,0
TXN00347,40864,Card,Insufficient Funds,2,3,0.16953778200233585,0
TXN00348,9107,Card,Insufficient Funds,2,17,0.2370469268402519,1
TXN00349,45814,Wallet,Insufficient Funds,3,8,0.4063793696312653,1
TXN00350,37510,UPI,Bank Declined,3,17,0.30321774219829445,1
TXN00351,44180,UPI,Authentication Failed,2,13,0.6281589729522099,1
TXN00352,40547,Card,Bank Declined,3,14,0.5960231145858021,1
TXN00353,8308,UPI,Bank Declined,3,5,0.7002916214675803,0
TXN00354,18689,Wallet,Insufficient Funds,4,23,0.7063932307655573,0
TXN00355,43584,UPI,Bank Declined,1,9,0.8385781927708089,1
TXN00356,17553,Card,Insufficient Funds,2,14,0.7122529326481818,1
TXN00357,36312,Wallet,Authentication Failed,4,3,0.37130091791659064,0
TXN00358,43625,UPI,Timeout,1,17,0.3920957146475482,0
TXN00359,47302,Netbanking,Insufficient Funds,3,17,0.2615936903475139,0
TXN00360,32735,Wallet,Authentication Failed,3,16,0.8265596209364201,0
TXN00361,33928,Wallet,Timeout,4,11,0.98,1
TXN00362,18811,Netbanking,Network Error,3,6,0.9015274657493332,1
TXN00363,3520,Netbanking,Insufficient Funds,5,15,0.12701240478928053,0
TXN00364,31316,Wallet,Insufficient Funds,4,10,0.7131995986418552,1
TXN00365,401,Netbanking,Network Error,1,13,0.5963506191455502,0
TXN00366,45336,Card,Network Error,4,2,0.3065172035336476,0
TXN00367,49858,Card,Insufficient Funds,2,18,0.3596756185237354,1
TXN00368,799,Card,Network Error,4,17,0.3322484187728273,0
TXN00369,290,Wallet,Bank Declined,3,9,0.5807145448127823,1
TXN00370,10592,Netbanking,Timeout,3,5,0.5369878192059359,0
TXN00371,35843,Netbanking,Timeout,5,12,0.6314044535158341,1
TXN00372,6202,UPI,Timeout,5,9,0.7292192525201818,1
TXN00373,19878,UPI,Bank Declined,5,17,0.8081607670724742,1
TXN00374,26741,Netbanking,Network Error,1,19,0.7633311035303499,1
TXN00375,34684,Netbanking,Authentication Failed,5,15,0.5038342079347264,0
TXN00376,32845,Netbanking,Network Error,1,5,0.8735994975692555,1
TXN00377,23193,Wallet,Insufficient Funds,5,12,0.6839074963011925,0
TXN00378,669,Netbanking,Timeout,1,3,0.3838319765025381,0
TXN00379,38310,UPI,Network Error,4,22,0.672353084286954,0
TXN00380,34763,Wallet,Authentication Failed,4,13,0.3991583718197109,0
TXN00381,36731,Netbanking,Insufficient Funds,3,0,0.08294283851386319,0
TXN00382,45781,UPI,Bank Declined,1,19,0.6679826865797898,1
TXN00383,7555,Wallet,Bank Declined,2,4,0.8039395442214579,1
TXN00384,4114,Netbanking,Authentication Failed,3,7,0.31403185813417583,1
TXN00385,11193,Netbanking,Insufficient Funds,4,11,0.6186895603367303,1
TXN00386,18170,Netbanking,Timeout,1,1,0.8973770134758591,1
TXN00387,35877,Wallet,Network Error,5,11,0.9400383098665385,1
TXN00388,16638,UPI,Insufficient Funds,2,4,0.23569956236023673,0
TXN00389,10829,UPI,Bank Declined,4,21,0.8327671456329224,1
TXN00390,34277,Card,Authentication Failed,3,4,0.42446392831550256,0
TXN00391,45117,Netbanking,Authentication Failed,1,12,0.586636609418852,1
TXN00392,884,Card,Network Error,2,8,0.3353552295825975,1
TXN00393,27851,Card,Authentication Failed,1,9,0.23071676185812054,1
TXN00394,40964,UPI,Authentication Failed,5,0,0.7042612489125419,0
TXN00395,40428,Wallet,Insufficient Funds,3,2,0.3611359845844536,1
TXN00396,12633,Wallet,Timeout,1,17,0.4794046627584523,1
TXN00397,40211,UPI,Network Error,4,11,0.4332894472174371,0
TXN00398,40074,Wallet,Insufficient Funds,3,2,0.5189674436014525,0
TXN00399,5901,Card,Timeout,4,8,0.30028108081773797,0
TXN00400,19290,Netbanking,Insufficient Funds,1,1,0.6141238184377978,0
TXN00401,49789,UPI,Insufficient Funds,3,2,0.1054747242909502,1
TXN00402,38854,Netbanking,Authentication Failed,4,13,0.3340427304356836,1
TXN00403,29692,Wallet,Timeout,5,3,0.5703654767093627,1
TXN00404,10747,Netbanking,Network Error,5,18,0.6394011178012725,1
TXN00405,8816,Wallet,Network Error,1,12,0.5484965810697593,1
TXN00406,23455,Wallet,Timeout,3,6,0.5244985154890057,1
TXN00407,22109,Card,Authentication Failed,2,11,0.8747412084512318,1
TXN00408,24476,Wallet,Bank Declined,3,2,0.649105776870376,0
TXN00409,45191,Card,Insufficient Funds,5,22,0.06640306875717175,0
TXN00410,4880,Card,Authentication Failed,4,22,0.5011231359110192,0
TXN00411,2468,Card,Timeout,2,8,0.9125060898207792,1
TXN00412,12139,UPI,Insufficient Funds,1,1,0.2610193304874676,0
TXN00413,6755,UPI,Network Error,2,21,0.36618944134207176,0
TXN00414,41041,Wallet,Bank Declined,1,8,0.7308693401129425,1
TXN00415,4595,Card,Network Error,2,11,0.7242096823552568,1
TXN00416,10993,UPI,Timeout,1,11,0.6992187554785526,1
TXN00417,25647,Card,Insufficient Funds,1,14,0.08750359172518557,0
TXN00418,22486,Netbanking,Timeout,2,1,0.3983493068568621,0
TXN00419,13503,Netbanking,Insufficient Funds,2,17,0.4857845773491797,1
TXN00420,32197,Netbanking,Authentication Failed,1,12,0.34547668902118506,0
TXN00421,13221,Wallet,Bank Declined,5,13,0.552849055823897,0
TXN00422,11066,Card,Authentication Failed,2,4,0.5814171802205754,0
TXN00423,33721,Netbanking,Authentication Failed,3,9,0.3984550331896576,0
TXN00424,28412,UPI,Timeout,4,11,0.9638976088790449,1
TXN00425,49826,Netbanking,Bank Declined,1,9,0.7897248747849026,1
TXN00426,22777,Netbanking,Insufficient Funds,1,23,0.555661455342959,1
TXN00427,31389,Netbanking,Insufficient Funds,4,10,0.10459570648658637,0
TXN00428,31124,Wallet,Network Error,5,1,0.37429101351631366,0
TXN00429,42775,UPI,Insufficient Funds,4,4,0.3949469421054689,0
TXN00430,4877,Card,Timeout,2,6,0.41249934443368996,0
TXN00431,29849,UPI,Authentication Failed,4,5,0.8847858244706319,0
TXN00432,15438,Card,Authentication Failed,1,21,0.3109641638191866,0
TXN00433,2591,Wallet,Authentication Failed,4,22,0.5412274848247818,0
TXN00434,27336,Wallet,Bank Declined,3,2,0.4548847397890538,0
TXN00435,48196,Wallet,Insufficient Funds,2,12,0.49757049501786854,1
TXN00436,14699,Wallet,Timeout,4,2,0.39032548622259744,1
TXN00437,19608,Card,Bank Declined,1,23,0.5012214996296736,1
TXN00438,3151,Netbanking,Network Error,2,20,0.4922935229650005,0
TXN00439,48847,Card,Timeout,1,5,0.9214260672701816,1
TXN00440,49256,UPI,Timeout,5,10,0.32840999849428654,0
TXN00441,21706,Wallet,Timeout,3,16,0.9396092458045214,1
TXN00442,21799,Wallet,Authentication Failed,5,9,0.7830958969871002,1
TXN00443,976,UPI,Timeout,3,11,0.5082995015085708,0
TXN00444,32193,Card,Insufficient Funds,4,16,0.6025034582739733,1
TXN00445,4242,Netbanking,Timeout,2,3,0.32184949223712334,0
TXN00446,15302,Netbanking,Authentication Failed,4,1,0.8768058852053755,1
TXN00447,39834,UPI,Timeout,3,10,0.6686164598128524,1
TXN00448,7179,Netbanking,Network Error,3,6,0.5122967182458117,0
TXN00449,8087,Card,Network Error,3,1,0.553808248816274,1
TXN00450,39667,Card,Authentication Failed,1,17,0.24648374742234816,0
TXN00451,29040,UPI,Insufficient Funds,2,20,0.7425446598294273,1
TXN00452,37333,Card,Insufficient Funds,4,3,0.07750436160548474,0
TXN00453,17119,Wallet,Bank Declined,4,7,0.6584349862035013,1
TXN00454,46285,UPI,Authentication Failed,5,19,0.5099151493945209,0
TXN00455,18177,Card,Timeout,3,13,0.9642413527321004,1
TXN00456,26358,UPI,Authentication Failed,3,11,0.3721998182147566,1
TXN00457,21236,Netbanking,Bank Declined,3,21,0.5724607767566079,0
TXN00458,8411,Card,Authentication Failed,4,20,0.537649346007927,0
TXN00459,17314,Wallet,Authentication Failed,5,17,0.6920065108350709,1
TXN00460,14198,Card,Bank Declined,1,10,0.24760716236669436,1
TXN00461,28351,UPI,Insufficient Funds,2,7,0.18565239101634837,0
TXN00462,38045,UPI,Timeout,1,1,0.4501953740649949,0
TXN00463,47130,Card,Bank Declined,4,14,0.7167055283891828,1
TXN00464,26045,Wallet,Network Error,3,8,0.4323970874287181,1
TXN00465,25416,Wallet,Insufficient Funds,2,18,0.45144423472368367,0
TXN00466,32317,Wallet,Network Error,4,19,0.45067067435066754,0
TXN00467,8408,UPI,Insufficient Funds,4,7,0.6531374650587848,0
TXN00468,6049,Card,Timeout,4,18,0.9595298181427468,1
TXN00469,1250,Netbanking,Timeout,2,4,0.6629450824595683,0
TXN00470,24044,UPI,Authentication Failed,2,10,0.4466162189464248,1
TXN00471,34799,Wallet,Network Error,5,14,0.46384044251224943,1
TXN00472,9304,Card,Insufficient Funds,5,7,0.08484670106613065,0
TXN00473,1181,Wallet,Timeout,1,18,0.4879500533382468,0
TXN00474,29405,Netbanking,Bank Declined,2,22,0.6579650459617226,1
TXN00475,16996,Wallet,Timeout,2,7,0.6735318519164476,1
TXN00476,46275,Wallet,Bank Declined,2,18,0.8608288947966491,1
TXN00477,7905,Netbanking,Insufficient Funds,5,17,0.32739408374419043,0
TXN00478,5337,Card,Timeout,4,9,0.7857043396298761,0
TXN00479,49811,UPI,Timeout,3,6,0.642525923232585,0
TXN00480,20156,Card,Insufficient Funds,5,8,0.4088033511469481,1
TXN00481,45643,Netbanking,Timeout,2,0,0.4874420202228822,0
TXN00482,49112,Wallet,Bank Declined,5,18,0.5184655437893998,0
TXN00483,46052,Card,Timeout,1,4,0.629549497908895,0
TXN00484,3443,UPI,Network Error,2,18,0.7946497652242538,1
TXN00485,13600,Netbanking,Authentication Failed,1,0,0.8584479994302796,1
TXN00486,29475,Card,Bank Declined,2,14,0.430524894237753,1
TXN00487,9762,UPI,Network Error,5,15,0.3295403280069089,0
TXN00488,17064,Netbanking,Insufficient Funds,4,22,0.3974065878504477,0
TXN00489,47993,UPI,Bank Declined,3,6,0.581122932504418,1
TXN00490,8230,Netbanking,Authentication Failed,1,11,0.3179083857923407,1
TXN00491,19631,Wallet,Authentication Failed,5,7,0.7323252243932468,0
TXN00492,1779,Card,Insufficient Funds,4,4,0.7394503759090442,0
TXN00493,3606,UPI,Insufficient Funds,5,9,0.7120423019059227,1
TXN00494,13384,Netbanking,Bank Declined,1,20,0.33797422717655656,0
TXN00495,7353,UPI,Timeout,3,4,0.9127542679305324,1
TXN00496,19228,UPI,Insufficient Funds,5,16,0.5431455454881793,1
TXN00497,28032,Card,Timeout,2,4,0.6176925946648381,0
TXN00498,9535,Wallet,Network Error,4,21,0.6784276960273102,1
TXN00499,44178,UPI,Authentication Failed,5,14,0.7947201224877207,1
TXN00500,13396,Netbanking,Timeout,4,12,0.6360944577468611,1
TXN00501,30545,Netbanking,Authentication Failed,2,0,0.4612451583735888,0
TXN00502,13345,Wallet,Timeout,3,10,0.6452732451181901,1
TXN00503,29224,Netbanking,Network Error,3,22,0.7053908628245343,0
TXN00504,29999,Wallet,Insufficient Funds,2,0,0.18235435764484423,0
TXN00505,44019,Netbanking,Network Error,4,10,0.9306354111868934,1
TXN00506,43325,Card,Insufficient Funds,5,17,0.5219308641807296,0
TXN00507,35347,UPI,Insufficient Funds,2,17,0.4932882421362422,1
TXN00508,29322,Card,Authentication Failed,1,20,0.2696473583264467,1
TXN00509,26311,UPI,Network Error,4,15,0.7229217567208143,0
TXN00510,37320,UPI,Timeout,3,12,0.3846724635669446,1
TXN00511,26746,UPI,Network Error,2,6,0.3550883726367794,1
TXN00512,38749,Card,Authentication Failed,3,0,0.5691176269496754,0
TXN00513,23149,UPI,Insufficient Funds,4,15,0.3319498738325465,0
TXN00514,14169,Card,Authentication Failed,3,0,0.6121671891093563,0
TXN00515,32680,Wallet,Bank Declined,2,16,0.262455517640067,0
TXN00516,31943,Netbanking,Bank Declined,4,5,0.5016881439930809,1
TXN00517,2949,Netbanking,Timeout,1,1,0.4223507005316106,1
TXN00518,40258,UPI,Authentication Failed,2,16,0.8909700601468815,1
TXN00519,23389,Card,Timeout,5,5,0.692805148704622,1
TXN00520,44790,Netbanking,Timeout,2,13,0.7812058026586071,1
TXN00521,35357,Card,Bank Declined,4,17,0.4277927964778254,0
TXN00522,9923,Card,Timeout,2,5,0.3663172403455409,0
TXN00523,42075,UPI,Bank Declined,1,9,0.8831096039484756,1
TXN00524,9640,Netbanking,Insufficient Funds,1,23,0.2503813247682283,0
TXN00525,16464,UPI,Authentication Failed,5,17,0.49666572962150196,0
TXN00526,4711,UPI,Timeout,3,8,0.7549047451918024,0
TXN00527,27763,Netbanking,Bank Declined,4,7,0.2172881083802779,0
TXN00528,38746,Netbanking,Network Error,4,9,0.8671813913621008,1
TXN00529,31077,Wallet,Timeout,3,16,0.6756047330200342,0
TXN00530,29268,Wallet,Insufficient Funds,1,22,0.24475203094817552,0
TXN00531,49215,Card,Insufficient Funds,1,5,0.09312558970472848,1
TXN00532,25571,Netbanking,Network Error,2,13,0.413748890832109,1
TXN00533,22787,Wallet,Bank Declined,5,21,0.8265237011974058,1
TXN00534,951,Card,Timeout,5,21,0.7802169567551237,1
TXN00535,18171,Card,Bank Declined,5,5,0.3749312051458229,1
TXN00536,6933,Card,Insufficient Funds,2,6,0.09592053546152068,0
TXN00537,12038,Wallet,Bank Declined,5,11,0.6834307186706454,1
TXN00538,35295,Netbanking,Insufficient Funds,3,2,0.4506854081774355,0
TXN00539,26244,UPI,Bank Declined,2,13,0.48316366712076453,1
TXN00540,4100,Card,Network Error,3,21,0.5545280144330447,1
TXN00541,5152,Wallet,Authentication Failed,2,18,0.3517699931503758,0
TXN00542,35606,Wallet,Network Error,5,22,0.7687278795762623,1
TXN00543,28174,UPI,Network Error,3,15,0.9794676194557094,1
TXN00544,38255,UPI,Authentication Failed,3,6,0.3230006720857781,1
TXN00545,40870,Wallet,Authentication Failed,3,7,0.6179816340108524,1
TXN00546,32420,Netbanking,Timeout,2,17,0.5969295390221834,1
TXN00547,38404,UPI,Timeout,4,12,0.6126821052212653,0
TXN00548,46347,Wallet,Network Error,5,20,0.4779030960894701,0
TXN00549,4013,UPI,Network Error,3,8,0.8775944129629932,1
TXN00550,17550,Netbanking,Insufficient Funds,4,9,0.3896789229030687,0
TXN00551,24207,Card,Insufficient Funds,5,20,0.43038409653878484,1
TXN00552,20864,UPI,Timeout,5,22,0.513332638958128,0
TXN00553,43504,Netbanking,Timeout,3,8,0.42726592596686486,1
TXN00554,20591,Wallet,Insufficient Funds,3,14,0.11013727174197432,0
TXN00555,38594,UPI,Insufficient Funds,2,19,0.5498833986474411,1
TXN00556,3473,UPI,Bank Declined,4,1,0.3373639971814989,0
TXN00557,12261,Wallet,Bank Declined,4,12,0.6830527479321584,1
TXN00558,32096,Card,Insufficient Funds,3,1,0.32326351223286776,0
TXN00559,27222,Wallet,Bank Declined,5,18,0.49104236069275603,1
TXN00560,34950,UPI,Authentication Failed,3,1,0.5284242472649402,0
TXN00561,27450,Wallet,Timeout,5,2,0.5573959556892802,0
TXN00562,27572,Netbanking,Timeout,5,5,0.37043398405581307,1
TXN00563,28861,Wallet,Insufficient Funds,3,2,0.266742267001992,0
TXN00564,25451,UPI,Network Error,1,9,0.7646140524857569,1
TXN00565,23232,Wallet,Insufficient Funds,4,23,0.5160490810282096,0
TXN00566,49149,Card,Bank Declined,5,5,0.40035701506799604,0
TXN00567,15405,Wallet,Network Error,5,22,0.6220718385903815,1
TXN00568,9917,Card,Bank Declined,1,15,0.3354130596083562,0
TXN00569,11361,Netbanking,Authentication Failed,2,16,0.34726045707088504,1
TXN00570,517,Card,Bank Declined,1,18,0.2161329618846252,0
TXN00571,41676,Wallet,Authentication Failed,1,2,0.8277225849354213,1
TXN00572,20458,UPI,Authentication Failed,5,17,0.34749466555243436,0
TXN00573,3367,Card,Bank Declined,4,6,0.3592737138555243,1
TXN00574,17309,Netbanking,Bank Declined,1,8,0.3957210028515923,1
TXN00575,24152,Card,Authentication Failed,2,19,0.2891856501868003,0
TXN00576,38613,Card,Network Error,3,11,0.7474840182269539,1
TXN00577,26192,Card,Authentication Failed,1,4,0.2526000672243106,1
TXN00578,11438,Netbanking,Timeout,1,2,0.3939416984284452,1
TXN00579,512,Wallet,Authentication Failed,2,10,0.6513297086130649,1
TXN00580,7643,Card,Network Error,4,3,0.5377624343370099,1
TXN00581,40455,Card,Timeout,1,4,0.7955634786908322,1
TXN00582,33596,UPI,Insufficient Funds,1,0,0.4401973212690994,0
TXN00583,23648,Netbanking,Insufficient Funds,4,17,0.22921482114305916,0
TXN00584,27484,Card,Network Error,2,11,0.7555795653425296,1
TXN00585,44525,Netbanking,Authentication Failed,1,12,0.2813915762050165,0
TXN00586,38856,Card,Bank Declined,4,8,0.5754872681560212,1
TXN00587,18988,Wallet,Network Error,1,1,0.6060036735315243,0
TXN00588,35835,Wallet,Timeout,3,4,0.48751150797220855,1
TXN00589,47395,Card,Timeout,5,12,0.72280349841765,1
TXN00590,48916,Wallet,Insufficient Funds,3,15,0.6599335146381976,0
TXN00591,17606,Card,Timeout,1,15,0.98,1
TXN00592,20563,Wallet,Network Error,2,23,0.7254339381203971,1
TXN00593,18055,UPI,Timeout,5,2,0.5832941120304191,0
TXN00594,37941,UPI,Network Error,3,21,0.4576449701513411,0
TXN00595,5204,UPI,Bank Declined,4,3,0.3799672625765782,1
TXN00596,35011,Netbanking,Insufficient Funds,2,10,0.38561848470483595,0
TXN00597,23290,Netbanking,Timeout,3,22,0.5570943908964965,1
TXN00598,7457,UPI,Network Error,4,13,0.939670165837461,1
TXN00599,32579,Netbanking,Authentication Failed,1,2,0.4578068273589967,0
TXN00600,44911,Wallet,Insufficient Funds,4,15,0.3114112138018048,0
TXN00601,36308,Card,Bank Declined,3,21,0.46847415870378384,0
TXN00602,20250,Card,Network Error,3,14,0.8856341472573607,0
TXN00603,5744,Card,Bank Declined,1,9,0.6555518245928313,0
TXN00604,43386,UPI,Bank Declined,4,8,0.6299181952232249,1
TXN00605,47420,Netbanking,Timeout,4,10,0.5339001156687035,1
TXN00606,3014,Wallet,Timeout,1,15,0.8725329237827076,1
TXN00607,21452,Wallet,Network Error,4,9,0.32685470294899077,0
TXN00608,46452,UPI,Authentication Failed,1,16,0.8095580206366793,0
TXN00609,45012,Wallet,Network Error,2,18,0.6589249298557507,1
TXN00610,14497,Wallet,Authentication Failed,3,1,0.47877516440438894,0
TXN00611,41655,Wallet,Bank Declined,2,23,0.54801709650238,0
TXN00612,47059,Wallet,Insufficient Funds,5,22,0.5171908713736817,0
TXN00613,828,Netbanking,Network Error,5,1,0.3089357985625282,0
TXN00614,798,Wallet,Network Error,5,5,0.9100862995207734,1
TXN00615,40054,Card,Authentication Failed,1,18,0.512717667717975,1
TXN00616,47380,UPI,Bank Declined,4,7,0.4400765637900547,1
TXN00617,14023,Netbanking,Bank Declined,2,2,0.29677189594383996,1
TXN00618,16879,Wallet,Authentication Failed,2,13,0.5076257620509095,0
TXN00619,7500,Netbanking,Bank Declined,2,15,0.5474259398990652,0
TXN00620,24566,Wallet,Timeout,2,0,0.5825526861454344,0
TXN00621,37039,Card,Insufficient Funds,5,20,0.525062065678828,0
TXN00622,4460,UPI,Network Error,2,2,0.5946275701314582,1
TXN00623,35370,Wallet,Insufficient Funds,4,21,0.7229923044926013,1
TXN00624,17201,Wallet,Network Error,5,17,0.7194942624765143,1
TXN00625,32407,Wallet,Timeout,2,8,0.8652345549563362,1
TXN00626,5586,Wallet,Bank Declined,1,5,0.2765491321766352,0
TXN00627,8435,UPI,Authentication Failed,3,22,0.47810390506213396,1
TXN00628,21464,UPI,Timeout,3,20,0.5357933910130068,1
TXN00629,37359,Card,Insufficient Funds,3,0,0.4486376716956143,1
TXN00630,23676,UPI,Authentication Failed,5,20,0.8027794640429979,1
TXN00631,31767,Wallet,Bank Declined,2,9,0.25483675243340465,0
TXN00632,11230,Card,Timeout,5,5,0.3508023586312976,0
TXN00633,22072,Card,Authentication Failed,4,22,0.7952223957103193,1
TXN00634,40519,Card,Timeout,1,11,0.4489950602268502,0
TXN00635,1267,Wallet,Timeout,1,3,0.7681272781148695,1
TXN00636,27292,Netbanking,Bank Declined,3,12,0.5800146926525636,1
TXN00637,1162,Wallet,Network Error,3,16,0.8830255164210606,1
TXN00638,18640,UPI,Authentication Failed,3,7,0.2875622368854825,0
TXN00639,24344,UPI,Bank Declined,2,19,0.2908480760058279,0
TXN00640,21645,Wallet,Timeout,4,2,0.6897728521948153,1
TXN00641,21789,Wallet,Bank Declined,4,11,0.8624650573508597,1
TXN00642,11274,Card,Network Error,4,6,0.590498430859528,1
TXN00643,23025,Wallet,Authentication Failed,4,11,0.42885947017828646,0
TXN00644,37597,Card,Network Error,3,1,0.72468252623852,1
TXN00645,9448,UPI,Insufficient Funds,1,23,0.7013140203815217,1
TXN00646,23814,Card,Authentication Failed,3,13,0.7858494829912366,1
TXN00647,38202,Wallet,Network Error,4,21,0.98,1
TXN00648,9024,UPI,Timeout,3,22,0.315798008241664,1
TXN00649,37198,Netbanking,Authentication Failed,4,4,0.27900070129893356,0
TXN00650,24494,Card,Authentication Failed,5,8,0.6266274343566354,1
TXN00651,6901,UPI,Bank Declined,1,20,0.7744035075336948,1
TXN00652,37714,Card,Timeout,5,10,0.4996710396147366,1
TXN00653,6831,UPI,Insufficient Funds,2,4,0.2174477616239531,0
TXN00654,48236,UPI,Network Error,3,2,0.8508830595668405,1
TXN00655,23725,Card,Bank Declined,2,16,0.2394672976972621,0
TXN00656,17437,Netbanking,Network Error,3,1,0.5585678533078096,1
TXN00657,35407,UPI,Insufficient Funds,5,23,0.40406645581463085,0
TXN00658,7156,UPI,Insufficient Funds,4,0,0.4422440720452264,0
TXN00659,11616,UPI,Authentication Failed,4,6,0.7100306097549438,1
TXN00660,44361,Netbanking,Insufficient Funds,3,13,0.2983920064014608,1
TXN00661,1642,Netbanking,Network Error,4,4,0.728879041272225,1
TXN00662,21777,Wallet,Timeout,5,18,0.7097627959536694,0
TXN00663,46832,Card,Timeout,4,10,0.683331270457623,1
TXN00664,39181,Netbanking,Authentication Failed,5,22,0.6483383051995485,0
TXN00665,27669,Card,Network Error,2,1,0.4816144197476534,0
TXN00666,23422,Wallet,Network Error,5,7,0.35925412750924024,1
TXN00667,19165,Card,Insufficient Funds,1,8,0.13349017042782044,0
TXN00668,18024,Netbanking,Network Error,1,2,0.4572076678577307,1
TXN00669,22656,Card,Bank Declined,1,1,0.5501385548659496,0
TXN00670,27062,Netbanking,Insufficient Funds,3,6,0.6383099253822141,1
TXN00671,28395,Card,Bank Declined,3,4,0.6909053394618689,1
TXN00672,13907,Netbanking,Authentication Failed,3,20,0.7523284229414329,1
TXN00673,42448,Netbanking,Timeout,5,4,0.545682936748264,0
TXN00674,26532,Card,Authentication Failed,3,19,0.48325761915398513,1
TXN00675,17849,Wallet,Timeout,2,12,0.575577320193429,0
TXN00676,41559,UPI,Authentication Failed,1,20,0.33431122908315103,1
TXN00677,26356,Wallet,Network Error,5,19,0.34285166070050044,0
TXN00678,40362,Card,Bank Declined,1,5,0.6136412649790588,1
TXN00679,37180,Wallet,Timeout,3,19,0.98,1
TXN00680,1424,Netbanking,Insufficient Funds,5,17,0.166780793465184,0
TXN00681,25831,UPI,Bank Declined,4,1,0.23267937392949165,1
TXN00682,36009,Card,Insufficient Funds,2,5,0.5956721772767529,1
TXN00683,23903,Card,Bank Declined,3,8,0.3768102046793069,1
TXN00684,19970,Card,Bank Declined,3,2,0.7807506637470498,1
TXN00685,34678,UPI,Authentication Failed,2,0,0.6927556669241608,0
TXN00686,6688,Netbanking,Timeout,2,0,0.9619714759355632,1
TXN00687,38169,Card,Timeout,4,18,0.5862490650296704,0
TXN00688,26890,Wallet,Bank Declined,3,4,0.6633788876154438,0
TXN00689,25389,Card,Network Error,3,12,0.6253983465692895,0
TXN00690,28278,Card,Network Error,1,18,0.7414120881159804,1
TXN00691,28810,Card,Insufficient Funds,5,11,0.3647192342054161,0
TXN00692,15585,Card,Insufficient Funds,5,15,0.18204257249685238,1
TXN00693,44582,Netbanking,Authentication Failed,1,18,0.5555281912023666,1
TXN00694,20752,Wallet,Bank Declined,5,2,0.5700089410062097,0
TXN00695,4848,Netbanking,Insufficient Funds,2,11,0.6174226937821127,1
TXN00696,21333,Wallet,Insufficient Funds,5,4,0.5648644940555069,0
TXN00697,9535,Card,Bank Declined,5,1,0.6646541367590109,1
TXN00698,3809,UPI,Authentication Failed,1,21,0.2793709668868008,0
TXN00699,30455,Netbanking,Insufficient Funds,4,6,0.5544314034646004,1
TXN00700,13216,UPI,Authentication Failed,5,12,0.5502136094481603,1
TXN00701,25570,Netbanking,Timeout,5,14,0.9258696752743113,1
TXN00702,42444,Card,Authentication Failed,4,21,0.84390965389138,1
TXN00703,43018,Netbanking,Network Error,1,2,0.33860961342124984,0
TXN00704,39398,Card,Network Error,4,20,0.874449092248135,1
TXN00705,43056,Netbanking,Authentication Failed,1,19,0.22638817329586944,0
TXN00706,14783,Card,Network Error,2,4,0.5570187379865159,1
TXN00707,604,Card,Timeout,1,23,0.6796099829347554,1
TXN00708,34082,Wallet,Bank Declined,2,7,0.3036705590389892,1
TXN00709,34399,Card,Network Error,2,21,0.8224196687983537,1
TXN00710,28116,Wallet,Network Error,1,0,0.305848292920497,0
TXN00711,24060,Card,Authentication Failed,3,7,0.3180193339038258,0
TXN00712,33691,UPI,Timeout,1,23,0.7065577808974329,0
TXN00713,17412,Card,Bank Declined,5,17,0.7000712934261046,0
TXN00714,37897,UPI,Authentication Failed,5,19,0.8416501718857412,1
TXN00715,46296,UPI,Authentication Failed,3,15,0.6938476563542366,1
TXN00716,49385,Card,Timeout,2,17,0.7702454891784062,1
TXN00717,2205,UPI,Bank Declined,3,19,0.476038802445465,0
TXN00718,36495,Wallet,Timeout,5,11,0.300899097868761,1
TXN00719,45840,Netbanking,Bank Declined,3,12,0.28411148111493534,1
TXN00720,22800,Card,Timeout,1,12,0.6741881813292273,0
TXN00721,34720,UPI,Authentication Failed,3,9,0.6725909200910938,0
TXN00722,37778,Card,Authentication Failed,2,6,0.49221379872752374,1
TXN00723,20659,Wallet,Insufficient Funds,1,13,0.561475308069873,1
TXN00724,27609,Card,Network Error,4,23,0.6653036067325251,1
TXN00725,27960,Card,Timeout,5,15,0.3519233369160185,0
TXN00726,11103,UPI,Insufficient Funds,5,14,0.1844113756775642,0
TXN00727,21832,Wallet,Network Error,3,11,0.88799875627076,1
TXN00728,25926,Netbanking,Timeout,1,8,0.8074389226371076,1
TXN00729,30454,Netbanking,Bank Declined,4,7,0.8263333909087465,1
TXN00730,13943,UPI,Network Error,1,17,0.38229007438465556,1
TXN00731,44572,Card,Authentication Failed,5,22,0.8931557742305518,1
TXN00732,48629,UPI,Insufficient Funds,1,17,0.19658469976495355,0
TXN00733,6290,UPI,Network Error,4,12,0.30824591340064944,0
TXN00734,17740,UPI,Network Error,3,17,0.98,1
TXN00735,38513,Card,Authentication Failed,2,14,0.3967517198115792,0
TXN00736,42456,Wallet,Timeout,1,3,0.7676136167587918,1
TXN00737,44697,UPI,Bank Declined,2,16,0.32367761992341365,0
TXN00738,40921,Card,Authentication Failed,5,4,0.6061599725393991,1
TXN00739,3430,Wallet,Bank Declined,3,21,0.8328244905181914,1
TXN00740,19187,UPI,Timeout,3,15,0.5241268171999071,0
TXN00741,41530,Netbanking,Network Error,1,8,0.7691777832310515,0
TXN00742,24604,Wallet,Bank Declined,3,9,0.33153251215889157,0
TXN00743,7214,UPI,Insufficient Funds,1,23,0.4873567791031076,0
TXN00744,13423,Wallet,Insufficient Funds,1,17,0.2855152462722571,1
TXN00745,34221,Wallet,Authentication Failed,2,16,0.34784578101156616,0
TXN00746,11075,Wallet,Timeout,3,17,0.5192274354925446,0
TXN00747,11123,Wallet,Authentication Failed,1,6,0.32518874795545955,1
TXN00748,21547,Wallet,Authentication Failed,2,3,0.8313412754865179,0
TXN00749,25033,Wallet,Authentication Failed,4,4,0.4780308204219902,1
TXN00750,24059,UPI,Insufficient Funds,2,22,0.22169551348205715,0
TXN00751,767,Netbanking,Insufficient Funds,2,15,0.363885488711153,0
TXN00752,29803,Card,Authentication Failed,1,2,0.4243753167645469,0
TXN00753,9437,Wallet,Insufficient Funds,5,17,0.571093477669328,0
TXN00754,46527,Card,Timeout,5,22,0.979853938319846,1
TXN00755,36587,UPI,Authentication Failed,5,20,0.5066235596883528,1
TXN00756,19229,Wallet,Insufficient Funds,2,13,0.6527233799805682,1
TXN00757,40351,Netbanking,Bank Declined,1,14,0.5961041514917336,1
TXN00758,32021,Card,Authentication Failed,3,16,0.3100649655659634,0
TXN00759,33407,Wallet,Authentication Failed,2,0,0.683435919456939,0
TXN00760,27455,UPI,Timeout,2,20,0.659404147988074,1
TXN00761,37832,Netbanking,Network Error,1,16,0.7554245662764724,1
TXN00762,4935,Card,Network Error,4,22,0.9227811888001655,1
TXN00763,20259,Card,Timeout,2,10,0.6083041994592322,0
TXN00764,38910,Wallet,Timeout,4,16,0.9308243362521488,1
TXN00765,47705,Netbanking,Timeout,4,13,0.8254683099971584,1
TXN00766,40180,Netbanking,Network Error,5,19,0.6420234481145893,1
TXN00767,38188,Netbanking,Timeout,1,18,0.7222554949605745,1
TXN00768,13316,Netbanking,Insufficient Funds,4,20,0.277906792763308,1
TXN00769,35647,UPI,Authentication Failed,1,6,0.888518109817142,1
TXN00770,31571,Netbanking,Authentication Failed,5,23,0.6671458141352772,1
TXN00771,17408,Card,Bank Declined,1,12,0.23069279674764093,1
TXN00772,27632,Card,Bank Declined,2,17,0.4286353340236061,0
TXN00773,34449,UPI,Authentication Failed,4,22,0.6363201036313402,1
TXN00774,45545,Card,Insufficient Funds,1,13,0.08943329445946788,0
TXN00775,5813,Card,Network Error,3,0,0.31671893392339995,1
TXN00776,49507,Netbanking,Network Error,1,6,0.6150169676694618,1
TXN00777,4904,Card,Insufficient Funds,4,7,0.28288312578486896,0
TXN00778,10236,UPI,Network Error,5,17,0.606809025623216,1
TXN00779,109,Netbanking,Timeout,5,8,0.48388531691600356,1
TXN00780,19355,Wallet,Authentication Failed,4,0,0.31530242286008664,0
TXN00781,23893,Netbanking,Authentication Failed,2,21,0.6824003498862363,1
TXN00782,29648,UPI,Insufficient Funds,2,16,0.4101997813874604,0
TXN00783,37992,Netbanking,Network Error,5,18,0.44010794787455676,0
TXN00784,1115,Netbanking,Bank Declined,5,5,0.4237125983819988,0
TXN00785,27812,UPI,Bank Declined,4,2,0.6142655353643282,1
TXN00786,35061,Netbanking,Network Error,2,23,0.35056054379073454,1
TXN00787,8515,UPI,Bank Declined,5,4,0.3032171064863257,1
TXN00788,46418,UPI,Insufficient Funds,2,1,0.10127192287517309,0
TXN00789,47380,Wallet,Insufficient Funds,5,19,0.6186221328998832,1
TXN00790,23933,Card,Network Error,1,3,0.8266864632484064,1
TXN00791,4258,Card,Bank Declined,3,9,0.72731905231548,1
TXN00792,20409,Netbanking,Insufficient Funds,1,9,0.5514277404332196,0
TXN00793,7070,Netbanking,Insufficient Funds,5,23,0.5185697965689083,1
TXN00794,7038,Wallet,Timeout,3,20,0.6338943407647225,0
TXN00795,21268,Wallet,Timeout,3,10,0.7495947144549805,0
TXN00796,46640,Wallet,Insufficient Funds,5,15,0.07685308835158228,0
TXN00797,20484,UPI,Network Error,5,16,0.7350250958597492,1
TXN00798,18117,Wallet,Authentication Failed,2,15,0.7445143938758141,1
TXN00799,10444,Wallet,Authentication Failed,5,6,0.5502508522690731,1
TXN00800,40134,Netbanking,Insufficient Funds,4,15,0.3002593298990659,0
TXN00801,8802,Wallet,Insufficient Funds,5,2,0.24419871436068538,0
TXN00802,484,UPI,Insufficient Funds,4,15,0.4999614351134577,1
TXN00803,504,UPI,Network Error,5,7,0.784960839040936,1
TXN00804,41043,Netbanking,Timeout,2,11,0.9096773199037796,1
TXN00805,48026,Wallet,Insufficient Funds,4,2,0.28963385772269346,0
TXN00806,29289,Wallet,Insufficient Funds,1,16,0.5888406151699098,1
TXN00807,12863,UPI,Bank Declined,4,20,0.5929490769325365,0
TXN00808,18484,Wallet,Network Error,2,17,0.9179855434746554,1
TXN00809,32706,Wallet,Insufficient Funds,4,10,0.41946847580693447,1
TXN00810,9960,Wallet,Bank Declined,5,3,0.5623408798785771,1
TXN00811,38857,Card,Authentication Failed,5,15,0.6045139570086364,1
TXN00812,15206,Netbanking,Insufficient Funds,2,16,0.574520748599704,0
TXN00813,23674,Card,Insufficient Funds,3,8,0.7252833351799225,1
TXN00814,23624,Netbanking,Bank Declined,5,5,0.251494347951036,0
TXN00815,3736,UPI,Network Error,1,23,0.33740422167371203,1
TXN00816,11016,Wallet,Insufficient Funds,2,19,0.7062852361851369,1
TXN00817,4909,Netbanking,Authentication Failed,4,1,0.5709129378627442,1
TXN00818,32301,Card,Insufficient Funds,4,8,0.4804321101968553,1
TXN00819,13556,Wallet,Authentication Failed,1,20,0.5376965211163102,0
TXN00820,48312,UPI,Timeout,5,5,0.3655602168252321,0
TXN00821,38865,Netbanking,Timeout,2,2,0.8376625648930666,1
TXN00822,34916,Netbanking,Authentication Failed,1,19,0.7230572515620108,1
TXN00823,45206,Netbanking,Network Error,5,5,0.5181923250449684,1
TXN00824,17200,Wallet,Insufficient Funds,2,6,0.2643674716598803,0
TXN00825,22049,Card,Insufficient Funds,4,0,0.636488966633863,0
TXN00826,4644,Card,Timeout,2,22,0.35065008041892864,0
TXN00827,37844,Netbanking,Authentication Failed,3,0,0.8167736038495961,1
TXN00828,45643,UPI,Insufficient Funds,2,4,0.22966318292714008,0
TXN00829,42883,UPI,Insufficient Funds,3,5,0.4650893234288457,0
TXN00830,26757,Card,Network Error,2,12,0.9551959253012444,1
TXN00831,36287,UPI,Bank Declined,3,1,0.6746857510756525,1
TXN00832,47298,Card,Timeout,4,14,0.5901008687269256,1
TXN00833,7339,Netbanking,Timeout,5,14,0.7826739462337905,1
TXN00834,14589,Card,Bank Declined,3,12,0.4407857454214591,0
TXN00835,49501,Card,Insufficient Funds,3,13,0.24408089144443026,0
TXN00836,43225,Netbanking,Network Error,4,21,0.98,1
TXN00837,28638,UPI,Network Error,3,6,0.8255531618258513,1
TXN00838,32149,Card,Timeout,1,13,0.7513039841672723,1
TXN00839,37231,Card,Network Error,4,23,0.5487027502535231,0
TXN00840,43044,Netbanking,Bank Declined,1,9,0.23441258040853372,0
TXN00841,8527,UPI,Insufficient Funds,4,16,0.07173981322460896,0
TXN00842,41448,Card,Bank Declined,3,13,0.5879268788141592,1
TXN00843,24385,Netbanking,Authentication Failed,1,7,0.7334229047273357,1
TXN00844,37726,Card,Timeout,3,3,0.6761654333106984,1
TXN00845,42908,Wallet,Network Error,4,15,0.88854955035738,1
TXN00846,23028,Netbanking,Authentication Failed,3,23,0.22339857316525516,1
TXN00847,19298,UPI,Network Error,1,12,0.5567264534981581,0
TXN00848,19858,UPI,Insufficient Funds,1,21,0.21594927382192466,0
TXN00849,15354,UPI,Insufficient Funds,3,19,0.3630910777099854,1
TXN00850,44338,UPI,Insufficient Funds,2,17,0.10066347523588573,0
TXN00851,1352,Card,Network Error,4,13,0.9678921490997506,1
TXN00852,39864,Card,Authentication Failed,4,17,0.3562787807485527,1
TXN00853,12273,UPI,Insufficient Funds,3,4,0.6956154428385094,1
TXN00854,37541,UPI,Authentication Failed,2,8,0.49812520852567727,1
TXN00855,26798,UPI,Network Error,1,2,0.98,1
TXN00856,15881,Card,Authentication Failed,5,7,0.5878408684221474,0
TXN00857,13151,UPI,Network Error,5,19,0.9515830049230652,1
TXN00858,39749,UPI,Network Error,3,21,0.303744292085956,0
TXN00859,7049,Wallet,Timeout,2,9,0.8237671643266301,1
TXN00860,42389,Wallet,Network Error,2,21,0.9321354571717607,1
TXN00861,8117,UPI,Network Error,4,18,0.3978043968852678,0
TXN00862,7041,Netbanking,Bank Declined,1,20,0.26728809621250604,0
TXN00863,26034,UPI,Insufficient Funds,2,2,0.3472008250301689,1
TXN00864,23486,Wallet,Timeout,5,10,0.9535752342930545,1
TXN00865,10309,Netbanking,Timeout,1,10,0.6796705921333072,1
TXN00866,17815,Netbanking,Timeout,1,16,0.6692195246052125,1
TXN00867,29020,UPI,Bank Declined,3,15,0.2987882828095253,0
TXN00868,31803,Wallet,Network Error,2,6,0.3005526577652532,0
TXN00869,42418,Wallet,Insufficient Funds,3,3,0.6170980635218227,0
TXN00870,4737,Netbanking,Authentication Failed,2,22,0.26130219409036676,0
TXN00871,4954,UPI,Network Error,4,18,0.7436948731147267,1
TXN00872,43188,Card,Bank Declined,3,11,0.8402315181606339,1
TXN00873,37760,Card,Network Error,3,14,0.4460563392109017,1
TXN00874,39911,Wallet,Network Error,5,10,0.7656909853658375,1
TXN00875,49389,Card,Bank Declined,3,4,0.2550890036952566,0
TXN00876,19956,Wallet,Timeout,2,4,0.7226286006863291,1
TXN00877,21933,Wallet,Timeout,5,14,0.41475220466724194,1
TXN00878,20063,Wallet,Insufficient Funds,3,17,0.5651674923606246,0
TXN00879,37032,Card,Insufficient Funds,3,10,0.2608619063557357,0
TXN00880,27269,Wallet,Timeout,4,11,0.6243737061632523,1
TXN00881,8041,Netbanking,Authentication Failed,3,1,0.6196013794193351,0
TXN00882,14488,UPI,Network Error,1,19,0.41989138746636767,0
TXN00883,5669,UPI,Authentication Failed,5,14,0.7191464730323347,1
TXN00884,4400,Wallet,Network Error,1,19,0.5118482384457702,1
TXN00885,39137,UPI,Timeout,5,3,0.7636603019389274,0
TXN00886,36686,Card,Insufficient Funds,4,21,0.1607981354895616,0
TXN00887,12115,Card,Insufficient Funds,3,17,0.5316823614444451,1
TXN00888,45102,UPI,Authentication Failed,3,5,0.28973165096732323,0
TXN00889,6354,Card,Insufficient Funds,3,22,0.34774954738898856,0
TXN00890,17244,UPI,Timeout,5,18,0.47304425161721375,1
TXN00891,24314,UPI,Authentication Failed,3,10,0.7238626745997279,1
TXN00892,40218,UPI,Network Error,1,23,0.4834245031548122,1
TXN00893,15283,Wallet,Insufficient Funds,3,1,0.6672021144767774,0
TXN00894,6338,UPI,Bank Declined,4,7,0.824274147984629,1
TXN00895,6190,Wallet,Insufficient Funds,1,10,0.18750892065595007,0
TXN00896,11737,UPI,Network Error,3,4,0.7296921615054069,0
TXN00897,22515,UPI,Authentication Failed,3,17,0.26140234920397504,1
TXN00898,24171,UPI,Network Error,2,22,0.5740759697211404,0
TXN00899,45515,Card,Bank Declined,5,17,0.6993252106508905,0
TXN00900,42779,Wallet,Timeout,1,13,0.7615962727949414,0
TXN00901,41340,Wallet,Insufficient Funds,2,21,0.48729046858462555,1
TXN00902,18371,UPI,Authentication Failed,4,9,0.3977786045637105,0
TXN00903,36134,UPI,Timeout,5,2,0.5646174646040814,0
TXN00904,33534,Card,Network Error,1,8,0.37206230129020035,0
TXN00905,4288,Card,Authentication Failed,3,2,0.7033159743035207,1
TXN00906,49923,Card,Timeout,1,10,0.6527221577538914,0
TXN00907,10261,Wallet,Authentication Failed,3,11,0.6961359426419582,1
TXN00908,28832,Wallet,Bank Declined,5,11,0.37426046735781093,1
TXN00909,11414,Wallet,Bank Declined,3,2,0.42710676004454634,1
TXN00910,24054,UPI,Insufficient Funds,4,20,0.2839507360820802,0
TXN00911,21608,Wallet,Insufficient Funds,3,6,0.06801968682305135,0
TXN00912,22069,Netbanking,Bank Declined,4,13,0.4387335109814365,0
TXN00913,45759,Netbanking,Authentication Failed,5,23,0.7623132014626235,0
TXN00914,37645,Card,Bank Declined,5,10,0.8281089470248169,1
TXN00915,36768,Wallet,Insufficient Funds,1,6,0.4127528209451492,0
TXN00916,23161,Netbanking,Bank Declined,4,20,0.5188511866534542,1
TXN00917,13816,Card,Bank Declined,4,9,0.22157723308955918,0
TXN00918,39849,Wallet,Authentication Failed,2,10,0.8154430363097678,1
TXN00919,39244,UPI,Timeout,2,14,0.3091071493981109,0
TXN00920,17007,Netbanking,Insufficient Funds,2,18,0.7113250561471481,1
TXN00921,18877,UPI,Authentication Failed,3,15,0.5424513740816634,0
TXN00922,27793,Wallet,Bank Declined,2,21,0.4393541455023086,1
TXN00923,43028,Netbanking,Bank Declined,4,20,0.846952904389862,1
TXN00924,26429,Wallet,Timeout,3,19,0.31707369517706774,0
TXN00925,46992,UPI,Insufficient Funds,5,11,0.45699742640836094,1
TXN00926,16382,Netbanking,Insufficient Funds,1,17,0.4342527671495363,1
TXN00927,23724,UPI,Network Error,2,22,0.4535242808479675,0
TXN00928,23421,Wallet,Insufficient Funds,5,12,0.3502212019451474,1
TXN00929,10588,Wallet,Timeout,4,4,0.7565848041606391,1
TXN00930,22674,UPI,Network Error,1,3,0.8089918378173492,1
TXN00931,5340,Netbanking,Network Error,5,13,0.3005018010946059,0
TXN00932,43321,UPI,Bank Declined,1,7,0.8557974010637106,0
TXN00933,10578,Wallet,Bank Declined,2,8,0.31516776067496866,0
TXN00934,45262,UPI,Insufficient Funds,4,18,0.21350630395565143,0
TXN00935,19362,Wallet,Network Error,1,2,0.4844314119856937,0
TXN00936,4532,UPI,Bank Declined,5,4,0.22647409558642473,0
TXN00937,29821,Netbanking,Timeout,2,20,0.3861364865132274,1
TXN00938,13668,Netbanking,Bank Declined,2,17,0.8904449460609134,1
TXN00939,14278,UPI,Bank Declined,5,0,0.42065171616410024,0
TXN00940,22295,UPI,Network Error,5,7,0.38071076323733455,0
TXN00941,402,Netbanking,Network Error,1,18,0.37489388282223635,0
TXN00942,17122,Wallet,Authentication Failed,3,16,0.7036219773689802,0
TXN00943,155,Netbanking,Timeout,2,16,0.8981980648228486,1
TXN00944,45881,Wallet,Network Error,1,10,0.47986660965592887,0
TXN00945,8817,UPI,Insufficient Funds,5,1,0.0646366586346645,0
TXN00946,28799,UPI,Timeout,1,5,0.4561630129117491,1
TXN00947,8250,Wallet,Timeout,5,21,0.3395609835577301,0
TXN00948,2225,UPI,Network Error,4,13,0.37237645564102906,1
TXN00949,44347,Wallet,Timeout,5,2,0.6020556838933496,0
TXN00950,48613,Card,Network Error,5,11,0.46094285960314285,0
TXN00951,16848,Netbanking,Bank Declined,5,3,0.5611621149677963,0
TXN00952,39677,Card,Authentication Failed,3,11,0.3774456272800333,0
TXN00953,4721,Wallet,Bank Declined,5,12,0.8583761107720633,1
TXN00954,15134,Netbanking,Network Error,2,1,0.9341607775483852,1
TXN00955,46491,Wallet,Network Error,2,1,0.6967642735073262,1
TXN00956,5226,Netbanking,Bank Declined,1,14,0.44809679439117034,0
TXN00957,5222,Netbanking,Insufficient Funds,3,22,0.31680281742431493,0
TXN00958,18130,Netbanking,Insufficient Funds,1,16,0.3382965982011479,0
TXN00959,17402,Netbanking,Insufficient Funds,2,6,0.5593055254944609,1
TXN00960,19281,Wallet,Network Error,2,13,0.6161472968631865,1
TXN00961,38738,Netbanking,Timeout,4,11,0.8997109625541281,1
TXN00962,1631,Netbanking,Network Error,5,16,0.9608663501512552,1
TXN00963,41040,Card,Timeout,2,13,0.5351623073652537,0
TXN00964,40541,UPI,Bank Declined,1,5,0.5924861369629761,0
TXN00965,23433,UPI,Authentication Failed,1,18,0.2665395757827951,0
TXN00966,39750,Card,Timeout,5,23,0.4403283334364513,1
TXN00967,34774,Card,Insufficient Funds,5,5,0.339426036697112,0
TXN00968,35954,Wallet,Network Error,4,17,0.44434190113124516,1
TXN00969,46371,Wallet,Bank Declined,3,23,0.8135923435521022,0
TXN00970,8252,Wallet,Insufficient Funds,1,4,0.16080037924136867,1
TXN00971,38618,Card,Bank Declined,5,23,0.5189625750871644,1
TXN00972,45640,Card,Authentication Failed,1,23,0.6239894683219129,0
TXN00973,10367,Netbanking,Network Error,5,5,0.7843047357125911,1
TXN00974,25389,Wallet,Network Error,2,1,0.5681485588085547,0
TXN00975,1162,Wallet,Authentication Failed,1,7,0.80836934810731,0
TXN00976,30026,Wallet,Network Error,2,14,0.6978234057545478,0
TXN00977,6329,UPI,Timeout,1,14,0.6076554463132863,0
TXN00978,49377,Netbanking,Bank Declined,3,10,0.24706844383642565,0
TXN00979,48015,Wallet,Insufficient Funds,4,21,0.3752826279116155,0
TXN00980,4732,Wallet,Authentication Failed,2,21,0.7745150885710113,1
TXN00981,39156,Wallet,Timeout,5,23,0.7301787127549207,1
TXN00982,3696,UPI,Insufficient Funds,3,0,0.6325137176103829,0
TXN00983,44343,UPI,Insufficient Funds,1,17,0.3958081694195139,1
TXN00984,6268,Card,Authentication Failed,2,11,0.28292319356613727,0
TXN00985,42663,Netbanking,Timeout,1,11,0.3095478920851168,0
TXN00986,7661,Card,Insufficient Funds,1,10,0.26225368270301386,0
TXN00987,8358,Netbanking,Insufficient Funds,1,7,0.5385933300484547,0
TXN00988,16716,UPI,Timeout,4,6,0.8531819327591855,1
TXN00989,26834,Wallet,Network Error,4,22,0.5070269842342305,0
TXN00990,6471,Card,Insufficient Funds,5,20,0.39695774461827293,0
TXN00991,26169,Wallet,Bank Declined,2,1,0.49478323310385713,1
TXN00992,14469,Card,Timeout,3,10,0.5873659490459995,1
TXN00993,13010,UPI,Insufficient Funds,3,21,0.21194409924010535,0
TXN00994,8043,UPI,Authentication Failed,3,9,0.29545977352062086,0
TXN00995,12299,UPI,Bank Declined,1,2,0.3376819907618492,1
TXN00996,15828,Card,Insufficient Funds,4,19,0.08873267101434229,0
TXN00997,23375,Netbanking,Bank Declined,2,9,0.3386915192765039,0
TXN00998,6838,Card,Bank Declined,1,17,0.20644062833776564,0
TXN00999,16013,Netbanking,Network Error,4,13,0.7390808804451847,0
TXN01000,35340,Card,Bank Declined,4,17,0.42146278517137803,0
TXN01001,19223,Card,Network Error,2,23,0.98,1
TXN01002,48547,UPI,Timeout,2,7,0.43560193554340854,1
TXN01003,34629,Wallet,Network Error,2,9,0.5420799992167157,1
TXN01004,10267,Wallet,Authentication Failed,1,21,0.45048881104907323,0
TXN01005,10654,Netbanking,Insufficient Funds,5,12,0.0559160472437224,0
TXN01006,17360,Wallet,Timeout,2,20,0.8874455671276212,1
TXN01007,47145,Card,Timeout,5,7,0.3223961221010273,0
TXN01008,3912,Card,Authentication Failed,1,3,0.8581258843104689,1
TXN01009,28124,UPI,Network Error,5,3,0.9244520457655344,1
TXN01010,27385,UPI,Insufficient Funds,3,4,0.4248653412601745,0
TXN01011,27000,Wallet,Network Error,5,0,0.6805169024379044,1
TXN01012,1705,Netbanking,Bank Declined,2,16,0.6576445460693094,1
TXN01013,5722,Wallet,Network Error,1,1,0.5709350083544209,1
TXN01014,6867,Wallet,Timeout,2,7,0.7530555983784988,1
TXN01015,27239,Wallet,Insufficient Funds,3,6,0.08133787208194082,0
TXN01016,11713,Wallet,Network Error,2,14,0.3378333391448086,0
TXN01017,10689,Card,Insufficient Funds,2,4,0.370061293733681,0
TXN01018,14018,Netbanking,Insufficient Funds,2,1,0.4347356107742244,1
TXN01019,20219,Card,Bank Declined,4,6,0.8214723482350732,0
TXN01020,27546,Netbanking,Bank Declined,3,7,0.2732624437355274,1
TXN01021,13146,UPI,Timeout,2,6,0.8758535490357225,1
TXN01022,24918,Wallet,Authentication Failed,2,6,0.34703313610444875,0
TXN01023,35458,Card,Insufficient Funds,2,13,0.32585855395702235,0
TXN01024,4424,Netbanking,Authentication Failed,1,20,0.421621704379189,1
TXN01025,10887,UPI,Timeout,4,17,0.5801086910057793,1
TXN01026,9211,UPI,Insufficient Funds,1,5,0.15534684865080992,0
TXN01027,38210,Wallet,Insufficient Funds,4,3,0.4024990520824884,1
TXN01028,16489,Netbanking,Authentication Failed,2,9,0.7611498128819572,0
TXN01029,41527,Card,Network Error,3,17,0.6090738072652279,0
TXN01030,14143,Wallet,Bank Declined,5,11,0.5434295031287393,0
TXN01031,28846,Card,Network Error,5,15,0.89413730969692,1
TXN01032,22450,UPI,Authentication Failed,2,6,0.6942406802466216,0
TXN01033,41705,Card,Bank Declined,1,5,0.5433180859638493,0
TXN01034,217,Card,Network Error,3,4,0.4803869537324258,0
TXN01035,46785,Wallet,Bank Declined,4,2,0.8194487227914766,1
TXN01036,19035,Card,Insufficient Funds,2,11,0.45391428118339083,1
TXN01037,47177,Wallet,Network Error,3,14,0.4548033270774854,1
TXN01038,13334,UPI,Bank Declined,3,9,0.3883838268466072,1
TXN01039,38428,Wallet,Bank Declined,4,19,0.7621931622553721,1
TXN01040,946,Wallet,Bank Declined,3,18,0.23090189346121884,0
TXN01041,11054,Netbanking,Network Error,1,15,0.98,1
TXN01042,13803,Card,Timeout,1,10,0.39124617580035426,0
TXN01043,48253,UPI,Network Error,1,7,0.8572479677778561,1
TXN01044,46614,Wallet,Authentication Failed,3,2,0.476342721740178,1
TXN01045,22800,UPI,Network Error,1,22,0.6445513283012267,1
TXN01046,32143,Netbanking,Bank Declined,4,6,0.8164554042252046,1
TXN01047,6569,Card,Insufficient Funds,3,22,0.33903783271244925,0
TXN01048,30205,Wallet,Network Error,5,6,0.6762456275712642,1
TXN01049,42201,Card,Network Error,3,13,0.33450976368641894,0
TXN01050,26486,Netbanking,Bank Declined,4,1,0.2016432317072172,0
TXN01051,49476,Netbanking,Insufficient Funds,5,9,0.22135991110120815,0
TXN01052,45687,UPI,Insufficient Funds,3,18,0.526408165043137,1
TXN01053,37076,Wallet,Authentication Failed,1,8,0.2848854253513957,1
TXN01054,39151,UPI,Network Error,2,15,0.37963337116318463,1
TXN01055,2148,Netbanking,Insufficient Funds,2,18,0.33767242562513233,0
TXN01056,39101,Card,Insufficient Funds,1,17,0.5034859270257585,1
TXN01057,13041,UPI,Timeout,2,8,0.7984503945735514,0
TXN01058,45475,UPI,Timeout,2,15,0.42491547186886236,0
TXN01059,42633,Card,Insufficient Funds,1,12,0.10571170316042974,0
TXN01060,1928,UPI,Authentication Failed,1,9,0.858277923761881,1
TXN01061,2017,Card,Insufficient Funds,3,19,0.23246646779347122,1
TXN01062,20718,Wallet,Bank Declined,3,13,0.7973425483261067,1
TXN01063,32354,Card,Network Error,1,11,0.9044440153239727,0
TXN01064,39856,Wallet,Authentication Failed,4,18,0.7407658142337812,0
TXN01065,47462,Card,Bank Declined,2,6,0.31818352465679905,0
TXN01066,20228,Netbanking,Authentication Failed,3,22,0.7752610214779403,0
TXN01067,45845,Netbanking,Bank Declined,2,14,0.7384753914691107,1
TXN01068,109,Wallet,Network Error,5,15,0.717706093074352,1
TXN01069,16744,Wallet,Network Error,1,7,0.5360414246182669,1
TXN01070,22522,Netbanking,Timeout,4,9,0.4837560229865808,1
TXN01071,9965,Wallet,Bank Declined,5,3,0.28532244845625127,1
TXN01072,2319,Card,Timeout,5,18,0.6568299468306099,1
TXN01073,39909,Card,Bank Declined,5,18,0.6096826128568926,0
TXN01074,5387,Netbanking,Timeout,1,20,0.5515372933610511,0
TXN01075,34487,UPI,Network Error,3,14,0.6327513473766079,0
TXN01076,8612,Card,Authentication Failed,1,13,0.4544601201584867,0
TXN01077,1442,Wallet,Timeout,3,0,0.7487042401244909,1
TXN01078,43436,UPI,Bank Declined,5,15,0.8308814454575943,1
TXN01079,19316,UPI,Bank Declined,5,9,0.3147441834328614,0
TXN01080,27634,Card,Network Error,4,18,0.5669861669321864,1
TXN01081,14331,Card,Bank Declined,3,21,0.29860802276560294,1
TXN01082,32393,UPI,Insufficient Funds,5,2,0.48746063928548244,1
TXN01083,26714,UPI,Authentication Failed,2,4,0.7102093566420171,1
TXN01084,36358,Netbanking,Timeout,4,8,0.952338912818219,1
TXN01085,28353,Wallet,Authentication Failed,1,17,0.39521034838267544,0
TXN01086,42178,Netbanking,Network Error,4,10,0.9651478441058011,1
TXN01087,40852,Card,Timeout,2,15,0.3442838702744724,0
TXN01088,18088,Netbanking,Timeout,3,1,0.7221097043552117,1
TXN01089,31137,Netbanking,Insufficient Funds,1,11,0.08999290354033099,0
TXN01090,12319,Netbanking,Network Error,1,21,0.9256419314333614,1
TXN01091,335,Netbanking,Bank Declined,3,5,0.5708663399490379,1
TXN01092,43029,Wallet,Insufficient Funds,4,10,0.5185438455339572,0
TXN01093,2008,Wallet,Insufficient Funds,5,7,0.6321017481373167,0
TXN01094,8667,UPI,Authentication Failed,4,11,0.30521743573877813,0
TXN01095,36398,Card,Authentication Failed,2,1,0.2270140933566937,0
TXN01096,5356,Netbanking,Authentication Failed,5,8,0.8152168021389965,1
TXN01097,19119,UPI,Insufficient Funds,4,14,0.27045325922125274,0
TXN01098,8262,UPI,Bank Declined,3,1,0.2902852355490157,0
TXN01099,5515,UPI,Timeout,2,0,0.6279228659609605,1
TXN01100,36259,Wallet,Authentication Failed,2,9,0.6188142529872132,1
TXN01101,44025,Netbanking,Bank Declined,2,1,0.2216794223957571,0
TXN01102,6051,Netbanking,Network Error,5,11,0.4924269607799614,0
TXN01103,21952,Card,Authentication Failed,1,22,0.22295991199382723,1
TXN01104,8107,Netbanking,Timeout,5,7,0.5942347724368493,0
TXN01105,41932,Netbanking,Network Error,4,4,0.926570020346371,1
TXN01106,30623,UPI,Network Error,1,21,0.98,1
TXN01107,23425,Card,Timeout,4,0,0.7459332874525392,0
TXN01108,21304,Netbanking,Authentication Failed,1,14,0.31314638564921427,0
TXN01109,15624,Wallet,Insufficient Funds,5,5,0.6840945729995139,1
TXN01110,19382,Netbanking,Timeout,2,11,0.6613734762400423,1
TXN01111,24030,UPI,Timeout,3,7,0.4076245184720426,1
TXN01112,177,Wallet,Timeout,2,12,0.9452086686161628,1
TXN01113,40445,UPI,Network Error,5,18,0.830228335506172,1
TXN01114,20711,Netbanking,Bank Declined,1,0,0.7121936909062061,0
TXN01115,17084,Wallet,Insufficient Funds,2,10,0.5464264926560832,0
TXN01116,14160,Card,Authentication Failed,5,19,0.34023787476750966,0
TXN01117,17549,Card,Authentication Failed,4,0,0.34770468419526823,0
TXN01118,18620,Wallet,Bank Declined,3,7,0.6818050988990785,1
TXN01119,43403,Wallet,Timeout,2,4,0.4538059250772778,0
TXN01120,9610,UPI,Insufficient Funds,1,16,0.3570701877621342,0
TXN01121,29387,Wallet,Authentication Failed,4,7,0.7474012779157588,1
TXN01122,28273,UPI,Authentication Failed,5,9,0.7487667626684886,1
TXN01123,39811,Netbanking,Timeout,3,1,0.6172832407681017,1
TXN01124,12054,UPI,Bank Declined,1,8,0.7545329567926715,1
TXN01125,7904,Wallet,Insufficient Funds,5,23,0.6370352573386396,0
TXN01126,6665,Wallet,Bank Declined,5,22,0.6583430258989822,1
TXN01127,6084,Netbanking,Bank Declined,2,2,0.3598980966158941,1
TXN01128,21626,Wallet,Insufficient Funds,2,17,0.24180824626988326,0
TXN01129,37538,Wallet,Insufficient Funds,1,6,0.2703888087861147,0
TXN01130,18674,Card,Authentication Failed,5,14,0.28176287541376643,1
TXN01131,9284,Card,Authentication Failed,2,20,0.3912117342589616,0
TXN01132,19196,Netbanking,Insufficient Funds,3,21,0.1966634570187725,0
TXN01133,2292,UPI,Network Error,3,19,0.6187301248660214,0
TXN01134,34116,Card,Authentication Failed,5,17,0.8359062835105855,1
TXN01135,11346,UPI,Network Error,2,2,0.3731362217277706,1
TXN01136,45658,Wallet,Insufficient Funds,1,22,0.5541875467631768,1
TXN01137,18481,Card,Authentication Failed,1,13,0.6810981030891894,1
TXN01138,36555,Netbanking,Bank Declined,1,23,0.26702793906435035,1
TXN01139,26827,Netbanking,Insufficient Funds,3,1,0.6958006834340601,1
TXN01140,4118,Netbanking,Timeout,2,13,0.6979305415097737,1
TXN01141,11402,Card,Network Error,2,21,0.5546078647949789,0
TXN01142,2070,UPI,Insufficient Funds,3,10,0.5795770084467146,1
TXN01143,41257,Wallet,Insufficient Funds,1,15,0.23015582088114386,0
TXN01144,27302,UPI,Authentication Failed,1,7,0.6854568859324243,0
TXN01145,31210,UPI,Authentication Failed,5,6,0.22779784530057307,0
TXN01146,17686,Wallet,Authentication Failed,4,10,0.7875856263264904,0
TXN01147,24619,Wallet,Timeout,2,2,0.613719592914923,0
TXN01148,31373,Card,Authentication Failed,2,16,0.6456850400505592,0
TXN01149,22051,Card,Insufficient Funds,2,13,0.20486647386467857,0
TXN01150,15474,Card,Authentication Failed,4,5,0.6739515988609135,1
TXN01151,5888,Card,Bank Declined,5,7,0.7405681931252937,1
TXN01152,5508,Card,Authentication Failed,4,21,0.531249230819079,1
TXN01153,25153,Wallet,Timeout,1,4,0.732408846843256,1
TXN01154,9546,UPI,Bank Declined,1,7,0.5194281466756789,1
TXN01155,1022,Card,Insufficient Funds,2,1,0.6758639584804919,1
TXN01156,33287,Card,Insufficient Funds,3,14,0.39850842636002337,1
TXN01157,10889,UPI,Network Error,2,11,0.8892660963201732,1
TXN01158,32284,Card,Bank Declined,3,16,0.760946440789174,0
TXN01159,1220,UPI,Network Error,4,0,0.5873533749438495,1
TXN01160,44128,UPI,Bank Declined,1,14,0.36105914430023256,0
TXN01161,32254,Wallet,Bank Declined,3,13,0.48425749279183966,1
TXN01162,17434,Netbanking,Timeout,4,19,0.878352163042654,0
TXN01163,2436,Wallet,Network Error,1,21,0.4593427750735747,0
TXN01164,38241,Netbanking,Timeout,3,15,0.6671054421004244,1
TXN01165,2343,Netbanking,Bank Declined,2,8,0.7642677235725233,1
TXN01166,19129,Netbanking,Insufficient Funds,2,0,0.2974342325898651,1
TXN01167,32365,Card,Bank Declined,2,16,0.6495467459018882,0
TXN01168,37480,Wallet,Timeout,4,12,0.4719421018341702,0
TXN01169,46814,Netbanking,Network Error,2,20,0.37649561175771196,0
TXN01170,43972,UPI,Network Error,5,20,0.8560689575649995,1
TXN01171,46297,Card,Timeout,1,4,0.3692780363860948,1
TXN01172,23810,Wallet,Network Error,4,9,0.4899669765557092,0
TXN01173,29586,Netbanking,Authentication Failed,2,5,0.798576595398208,1
TXN01174,6471,UPI,Insufficient Funds,1,23,0.292528500955067,0
TXN01175,6459,Wallet,Insufficient Funds,3,18,0.7311317446599127,1
TXN01176,40731,Wallet,Insufficient Funds,2,12,0.7358140343417018,0
TXN01177,36096,Card,Network Error,1,0,0.4877932143174897,1
TXN01178,20203,Wallet,Network Error,5,19,0.3286847555749233,1
TXN01179,14482,Card,Bank Declined,3,14,0.6935442989437653,1
TXN01180,18855,Netbanking,Bank Declined,5,13,0.5156905518538406,0
TXN01181,35759,Card,Insufficient Funds,1,7,0.1205269907717034,0
TXN01182,3856,UPI,Authentication Failed,5,9,0.69526597328463,1
TXN01183,20709,Card,Bank Declined,1,8,0.22182243637834487,1
TXN01184,48638,UPI,Bank Declined,1,16,0.8091376833445694,1
TXN01185,16578,Card,Network Error,5,8,0.39705677037931264,0
TXN01186,35542,Wallet,Authentication Failed,1,2,0.2891183151227075,0
TXN01187,39766,Netbanking,Insufficient Funds,2,10,0.1729706085780092,0
TXN01188,10247,UPI,Bank Declined,1,11,0.8721864509444466,0
TXN01189,33661,Card,Authentication Failed,4,9,0.6852185521776921,1
TXN01190,34984,Card,Authentication Failed,1,16,0.7609600748245458,1
TXN01191,5879,Card,Insufficient Funds,4,16,0.3283444900129271,0
TXN01192,12398,Wallet,Authentication Failed,1,10,0.4354189092534689,0
TXN01193,14253,Wallet,Authentication Failed,1,21,0.36413880474821897,0
TXN01194,43979,UPI,Authentication Failed,5,3,0.5364536198186862,1
TXN01195,10889,UPI,Bank Declined,2,6,0.586280113473918,1
TXN01196,44265,Wallet,Insufficient Funds,2,20,0.49224239055692875,1
TXN01197,13099,UPI,Authentication Failed,3,13,0.37998295279908617,1
TXN01198,914,Netbanking,Authentication Failed,5,6,0.8640578566320933,1
TXN01199,49597,Netbanking,Bank Declined,5,23,0.31883094874499507,1
TXN01200,10641,Wallet,Insufficient Funds,2,7,0.7259572223364886,1
TXN01201,25038,UPI,Network Error,5,0,0.31039928575525266,0
TXN01202,2543,Card,Bank Declined,2,23,0.536787984271792,0
TXN01203,10557,Netbanking,Insufficient Funds,5,21,0.2833574866815939,0
TXN01204,10480,Wallet,Authentication Failed,1,3,0.5143863897511756,1
TXN01205,7883,UPI,Insufficient Funds,2,11,0.4494652052865523,0
TXN01206,44341,Wallet,Insufficient Funds,2,23,0.3549124106088962,0
TXN01207,17468,Card,Insufficient Funds,4,2,0.34039279521111643,0
TXN01208,15428,Netbanking,Network Error,5,12,0.8129063907893145,1
TXN01209,26315,Wallet,Insufficient Funds,5,19,0.5301133925605251,1
TXN01210,33695,Wallet,Network Error,2,5,0.8832898974250935,0
TXN01211,27406,Wallet,Authentication Failed,1,10,0.3749712868676469,1
TXN01212,20015,Card,Network Error,1,22,0.7266699568278444,1
TXN01213,40015,Wallet,Authentication Failed,1,3,0.6096363497749977,1
TXN01214,37319,Card,Authentication Failed,5,19,0.45881646761088213,1
TXN01215,15443,Card,Network Error,4,15,0.6402402793318765,0
TXN01216,46503,Card,Bank Declined,2,6,0.4196475003140101,0
TXN01217,38827,Netbanking,Timeout,3,21,0.3992910783318896,0
TXN01218,226,Netbanking,Insufficient Funds,4,10,0.19966084746391302,0
TXN01219,27732,Wallet,Timeout,3,23,0.3738595524808408,0
TXN01220,41663,Wallet,Insufficient Funds,4,0,0.5281487026330868,1
TXN01221,44509,Netbanking,Insufficient Funds,1,6,0.512509175176406,0
TXN01222,20630,UPI,Authentication Failed,5,11,0.8654244601059109,1
TXN01223,40064,Netbanking,Insufficient Funds,3,6,0.5607748895530688,1
TXN01224,44427,Card,Insufficient Funds,4,22,0.08643208712929204,0
TXN01225,3468,Netbanking,Network Error,5,6,0.9189716217502678,1
TXN01226,3897,Card,Timeout,3,9,0.903872614062008,1
TXN01227,47982,Wallet,Network Error,2,15,0.610324224540889,1
TXN01228,13818,UPI,Insufficient Funds,4,7,0.4601041353695451,1
TXN01229,34660,Wallet,Authentication Failed,2,8,0.8832548327307632,1
TXN01230,11153,Card,Network Error,1,8,0.6726130546937164,0
TXN01231,22216,Card,Network Error,2,1,0.9337252798632628,1
TXN01232,36344,Card,Bank Declined,2,12,0.25812713046713054,0
TXN01233,36285,UPI,Insufficient Funds,4,12,0.18373630809607802,0
TXN01234,1745,Netbanking,Authentication Failed,1,22,0.5085284604089224,1
TXN01235,47623,Wallet,Network Error,2,22,0.7093297658361132,1
TXN01236,19356,Wallet,Network Error,5,3,0.87135949630396,0
TXN01237,35940,Netbanking,Authentication Failed,3,23,0.8917834806002307,1
TXN01238,34722,Wallet,Insufficient Funds,2,11,0.32219604753188147,0
TXN01239,37530,UPI,Bank Declined,1,16,0.23319094529805945,0
TXN01240,39382,Wallet,Network Error,2,1,0.8608200523067274,1
TXN01241,2808,Card,Bank Declined,3,12,0.6230665033579657,1
TXN01242,11794,Netbanking,Timeout,1,17,0.43898000120774117,1
TXN01243,9624,UPI,Insufficient Funds,4,14,0.3963799196349941,0
TXN01244,31980,Netbanking,Timeout,1,7,0.819617171873607,1
TXN01245,39324,UPI,Timeout,4,14,0.8392882509480505,1
TXN01246,37080,Card,Timeout,1,0,0.6497328883991333,1
TXN01247,32509,Netbanking,Insufficient Funds,3,19,0.2636501710902014,1
TXN01248,13324,Wallet,Insufficient Funds,3,9,0.7316198074269454,1
TXN01249,40838,UPI,Authentication Failed,1,11,0.664353827669545,1
TXN01250,25250,Netbanking,Bank Declined,2,4,0.4857662635424091,1
TXN01251,49788,Wallet,Bank Declined,3,8,0.3963242569432567,1
TXN01252,34493,Netbanking,Authentication Failed,4,22,0.7117720881024934,1
TXN01253,43182,Netbanking,Authentication Failed,4,7,0.3695284119156374,0
TXN01254,8073,Netbanking,Timeout,5,15,0.4201969922815817,1
TXN01255,8677,UPI,Authentication Failed,4,13,0.5708837222734492,0
TXN01256,8170,Wallet,Network Error,5,12,0.5029911748508993,1
TXN01257,8766,Card,Bank Declined,1,22,0.6402336014465305,1
TXN01258,36468,UPI,Authentication Failed,1,20,0.28255707241196343,0
TXN01259,6883,UPI,Network Error,1,12,0.7584587731971251,1
TXN01260,46094,UPI,Network Error,2,4,0.4983075695983915,1
TXN01261,42014,Card,Network Error,2,15,0.3001700541041589,0
TXN01262,5071,Wallet,Network Error,5,10,0.3888552403719234,0
TXN01263,13590,Wallet,Timeout,4,21,0.9535307644845658,1
TXN01264,45819,Wallet,Network Error,4,4,0.9071482473807505,1
TXN01265,45180,Netbanking,Timeout,1,12,0.46352632242536573,0
TXN01266,2090,Netbanking,Timeout,3,10,0.8448603331818437,0
TXN01267,5399,Netbanking,Network Error,2,18,0.726000115221782,1
TXN01268,45865,Card,Bank Declined,2,2,0.8796332980149086,1
TXN01269,20056,Netbanking,Network Error,1,14,0.5615239616738413,1
TXN01270,22459,Card,Network Error,2,6,0.7770224287620199,1
TXN01271,46340,Wallet,Network Error,1,6,0.34447500569674305,1
TXN01272,37248,Netbanking,Bank Declined,5,5,0.4773731427714841,1
TXN01273,28834,Netbanking,Insufficient Funds,4,2,0.7246723628317263,1
TXN01274,4857,UPI,Insufficient Funds,3,12,0.42728661211508434,0
TXN01275,19197,Card,Timeout,4,6,0.5015156523343912,0
TXN01276,10495,Wallet,Timeout,4,4,0.3841896741900248,1
TXN01277,16341,UPI,Bank Declined,5,22,0.6924698381270713,1
TXN01278,38456,UPI,Authentication Failed,2,17,0.6513992304008087,0
TXN01279,27796,Wallet,Insufficient Funds,3,21,0.3117570995226422,0
TXN01280,5044,UPI,Timeout,2,7,0.965658946306084,1
TXN01281,46263,Card,Insufficient Funds,4,16,0.06554196909149523,0
TXN01282,19916,Card,Bank Declined,1,19,0.4126066961422781,0
TXN01283,49940,Netbanking,Bank Declined,4,0,0.8447486404097069,1
TXN01284,37111,UPI,Authentication Failed,2,13,0.42465480682360823,0
TXN01285,25017,Netbanking,Authentication Failed,4,16,0.37657698369861925,0
TXN01286,31295,UPI,Bank Declined,1,9,0.5739542869518731,0
TXN01287,21666,Card,Timeout,5,11,0.8766612249443765,1
TXN01288,10016,Card,Insufficient Funds,2,15,0.12220273261485273,0
TXN01289,20906,Card,Network Error,4,13,0.9601144967520153,1
TXN01290,10084,UPI,Authentication Failed,2,15,0.7565510168268148,0
TXN01291,1859,Card,Network Error,5,7,0.4268751788860864,1
TXN01292,42049,UPI,Timeout,4,22,0.7984055728387138,1
TXN01293,26938,Netbanking,Authentication Failed,4,9,0.46947110584629,1
TXN01294,2582,UPI,Network Error,2,16,0.5816062746534231,0
TXN01295,24542,Netbanking,Timeout,2,17,0.8483030647072064,1
TXN01296,33819,UPI,Insufficient Funds,1,19,0.7239493655865125,1
TXN01297,28065,Netbanking,Timeout,5,15,0.38865911099303574,0
TXN01298,2179,Card,Authentication Failed,1,16,0.49444116581517356,1
TXN01299,2817,Netbanking,Bank Declined,4,15,0.5366591256590125,1
TXN01300,28052,Card,Insufficient Funds,2,18,0.31341827186849835,0
TXN01301,21008,Card,Network Error,4,23,0.5542323866013575,1
TXN01302,42560,Netbanking,Authentication Failed,4,23,0.2365880672931176,0
TXN01303,24961,UPI,Bank Declined,3,7,0.6798770343938363,1
TXN01304,7411,UPI,Timeout,3,5,0.6053500919840317,1
TXN01305,28171,Wallet,Bank Declined,4,5,0.3363556618507487,0
TXN01306,23670,UPI,Authentication Failed,2,20,0.7712234516114478,1
TXN01307,18549,Wallet,Authentication Failed,4,8,0.7617925237061396,1
TXN01308,33636,UPI,Bank Declined,3,3,0.5404741396622257,1
TXN01309,38358,UPI,Timeout,2,11,0.5089154628034324,1
TXN01310,48402,Card,Bank Declined,4,11,0.6466649080575166,1
TXN01311,28965,Wallet,Authentication Failed,5,22,0.40170649504418215,1
TXN01312,6745,UPI,Authentication Failed,5,16,0.3652055512265984,0
TXN01313,38100,Wallet,Network Error,4,14,0.8113602578184286,1
TXN01314,26837,Card,Network Error,2,8,0.3282276678046655,0
TXN01315,11585,Card,Insufficient Funds,4,6,0.11633792972421578,0
TXN01316,38665,Wallet,Authentication Failed,4,9,0.20475172181651285,0
TXN01317,25622,Card,Network Error,3,15,0.4070602305327983,0
TXN01318,12442,Netbanking,Bank Declined,5,11,0.24829300609732163,0
TXN01319,40906,Netbanking,Timeout,3,6,0.98,1
TXN01320,48870,Card,Bank Declined,3,17,0.4021669789678627,0
TXN01321,13187,Netbanking,Timeout,4,14,0.4044876088684731,0
TXN01322,37741,UPI,Network Error,3,5,0.4686973805971426,0
TXN01323,34349,Wallet,Insufficient Funds,5,11,0.7052879000780942,0
TXN01324,10193,UPI,Bank Declined,3,10,0.564112156117077,1
TXN01325,47290,Wallet,Bank Declined,5,19,0.4553726674154998,1
TXN01326,16538,Card,Bank Declined,3,2,0.8113740205364535,1
TXN01327,40511,UPI,Timeout,5,1,0.5764931893843227,1
TXN01328,26499,Card,Network Error,3,5,0.5345059989703871,1
TXN01329,19946,Card,Bank Declined,3,23,0.3450977657848149,0
TXN01330,15808,Wallet,Bank Declined,2,21,0.46445777673658806,1
TXN01331,44139,Wallet,Insufficient Funds,5,4,0.27167904921184816,0
TXN01332,45468,Wallet,Insufficient Funds,5,17,0.5241127715086987,0
TXN01333,11098,UPI,Network Error,5,15,0.5027078932695089,0
TXN01334,47163,Netbanking,Network Error,1,7,0.704039822495793,1
TXN01335,30778,Wallet,Authentication Failed,3,19,0.2461245155223809,1
TXN01336,10782,Wallet,Insufficient Funds,5,21,0.18390240968756003,0
TXN01337,49248,UPI,Authentication Failed,1,10,0.4851836901279441,1
TXN01338,8619,Wallet,Timeout,2,9,0.9558644777360868,1
TXN01339,31580,UPI,Authentication Failed,5,23,0.46407639000098677,1
TXN01340,19794,Card,Bank Declined,5,11,0.6648518848398839,1
TXN01341,3400,Wallet,Authentication Failed,1,20,0.37856105569497867,1
TXN01342,6822,Wallet,Network Error,3,5,0.38892350318126223,0
TXN01343,40086,Card,Timeout,2,19,0.3409756200560351,1
TXN01344,24260,Card,Bank Declined,5,4,0.413789448979926,1
TXN01345,20159,Card,Authentication Failed,3,22,0.3103627187578356,0
TXN01346,35922,Wallet,Timeout,2,8,0.421807313611287,0
TXN01347,13675,Netbanking,Timeout,4,15,0.8325315158708649,1
TXN01348,8070,Netbanking,Bank Declined,4,21,0.21108664966141197,1
TXN01349,35011,Netbanking,Authentication Failed,2,13,0.5904670880148041,1
TXN01350,21691,Wallet,Timeout,1,21,0.5656229664154253,0
TXN01351,31921,Card,Timeout,2,7,0.6545849999359831,0
TXN01352,9603,Wallet,Insufficient Funds,2,19,0.443981166050222,0
TXN01353,48017,Card,Timeout,1,18,0.5193573861200947,1
TXN01354,19022,Wallet,Insufficient Funds,1,13,0.2565762021289997,0
TXN01355,12275,Wallet,Authentication Failed,3,6,0.713381294534434,1
TXN01356,41224,Card,Authentication Failed,3,4,0.80989389168481,1
TXN01357,21489,Netbanking,Authentication Failed,1,17,0.3348071427209695,0
TXN01358,47938,Card,Network Error,4,1,0.3683331323746043,0
TXN01359,922,UPI,Authentication Failed,4,10,0.828457064474418,1
TXN01360,17427,UPI,Timeout,2,21,0.5449268245531791,1
TXN01361,47157,Card,Bank Declined,5,7,0.5859221734639699,1
TXN01362,6250,Wallet,Insufficient Funds,2,0,0.3016802011640024,0
TXN01363,4525,UPI,Network Error,2,21,0.38806163544223593,0
TXN01364,16132,UPI,Authentication Failed,5,11,0.6125321514634097,1
TXN01365,2298,Wallet,Authentication Failed,1,1,0.5675985962387408,1
TXN01366,20179,Wallet,Bank Declined,4,17,0.34209549143383805,0
TXN01367,36320,Netbanking,Bank Declined,2,6,0.5163083312565945,1
TXN01368,41974,Wallet,Network Error,5,16,0.8578632528109521,0
TXN01369,13959,Card,Insufficient Funds,3,21,0.4632982721755239,0
TXN01370,31519,Card,Authentication Failed,2,22,0.2678421289468964,0
TXN01371,8805,Netbanking,Network Error,4,13,0.6836150480603945,1
TXN01372,42980,UPI,Timeout,1,23,0.7919168095027108,1
TXN01373,23336,UPI,Timeout,2,6,0.854892384046526,1
TXN01374,22519,Wallet,Network Error,2,21,0.7403823050439867,0
TXN01375,20078,Card,Authentication Failed,5,2,0.3068607151785486,1
TXN01376,37709,UPI,Network Error,3,5,0.7971212866131124,1
TXN01377,15458,Netbanking,Authentication Failed,3,19,0.6741392922570615,1
TXN01378,34277,Netbanking,Bank Declined,1,1,0.21709881805844328,0
TXN01379,29478,Card,Network Error,4,16,0.5882233673131703,1
TXN01380,37434,Netbanking,Authentication Failed,1,11,0.4330651728736613,1
TXN01381,11482,Netbanking,Network Error,2,11,0.7685884449775503,0
TXN01382,14696,Card,Network Error,2,16,0.45129506861764446,1
TXN01383,33672,Wallet,Authentication Failed,3,9,0.613610346081981,0
TXN01384,13321,Wallet,Authentication Failed,4,2,0.8392441732699205,0
TXN01385,1379,Netbanking,Insufficient Funds,5,19,0.6084616605460255,1
TXN01386,46060,Wallet,Network Error,4,17,0.9450204153515712,1
TXN01387,7183,Wallet,Timeout,2,12,0.98,1
TXN01388,43961,Netbanking,Network Error,5,11,0.30746908890431396,1
TXN01389,17871,Wallet,Network Error,4,16,0.7359188934642343,1
TXN01390,30075,Netbanking,Authentication Failed,4,3,0.48898757843123447,0
TXN01391,45748,UPI,Network Error,5,22,0.9018981432345851,1
TXN01392,48385,Card,Network Error,2,9,0.4762702914063922,0
TXN01393,19163,Card,Timeout,4,10,0.98,1
TXN01394,2206,Wallet,Authentication Failed,5,5,0.6295955786806231,0
TXN01395,24657,Wallet,Network Error,2,5,0.8554761815601816,1
TXN01396,48954,Wallet,Bank Declined,5,8,0.2599196869759378,0
TXN01397,20707,Card,Insufficient Funds,5,14,0.17842051933120553,0
TXN01398,37699,UPI,Timeout,4,1,0.8308825711239421,1
TXN01399,28629,UPI,Network Error,2,3,0.3153905654275265,0
TXN01400,36054,Card,Bank Declined,4,4,0.7718145901256479,0
TXN01401,27956,UPI,Network Error,1,16,0.30976431308433805,1
TXN01402,2673,Card,Network Error,1,7,0.7599831873428913,1
TXN01403,12908,UPI,Authentication Failed,2,7,0.4555657441622641,1
TXN01404,35467,Netbanking,Authentication Failed,5,21,0.6280463969034393,1
TXN01405,36901,Netbanking,Authentication Failed,4,11,0.6872219848923795,1
TXN01406,41296,Card,Bank Declined,4,20,0.4397326534304129,1
TXN01407,34172,UPI,Network Error,2,7,0.37557371367758485,0
TXN01408,23852,Wallet,Insufficient Funds,2,18,0.09875210742378596,0
TXN01409,17785,UPI,Timeout,1,2,0.7122552157937835,1
TXN01410,41501,Netbanking,Authentication Failed,3,17,0.564458747613878,0
TXN01411,11472,Netbanking,Authentication Failed,2,20,0.7195407063847927,1
TXN01412,9096,UPI,Network Error,3,18,0.656814857002756,1
TXN01413,16558,UPI,Network Error,2,18,0.5957120530216153,0
TXN01414,31989,Wallet,Bank Declined,5,14,0.4786610247653616,1
TXN01415,26765,Wallet,Bank Declined,5,5,0.21851283181836723,0
TXN01416,38343,UPI,Authentication Failed,1,15,0.43489004118766,1
TXN01417,31753,UPI,Network Error,1,7,0.98,1
TXN01418,26757,UPI,Insufficient Funds,3,15,0.661488903358962,0
TXN01419,40052,UPI,Timeout,2,17,0.5305646469239523,0
TXN01420,22280,Card,Network Error,4,19,0.7114567835464605,1
TXN01421,31996,UPI,Network Error,1,15,0.8931077218748457,1
TXN01422,12975,Wallet,Bank Declined,4,10,0.508892035725048,1
TXN01423,1722,Netbanking,Timeout,4,6,0.3125705046251057,1
TXN01424,48856,Card,Authentication Failed,2,16,0.2521573232730481,0
TXN01425,40909,UPI,Network Error,3,16,0.6572749049440946,1
TXN01426,16825,Netbanking,Authentication Failed,2,11,0.8786075629731147,1
TXN01427,40860,Card,Network Error,1,12,0.7852466795532074,1
TXN01428,15746,Netbanking,Authentication Failed,4,9,0.24964133400699867,0
TXN01429,17129,UPI,Timeout,2,6,0.4325526130543039,0
TXN01430,29502,UPI,Bank Declined,2,13,0.739926200251795,1
TXN01431,4363,Wallet,Timeout,2,22,0.8890078319693714,0
TXN01432,31087,UPI,Insufficient Funds,1,0,0.48238621033201357,0
TXN01433,46928,UPI,Bank Declined,3,16,0.6510962187408715,1
TXN01434,48024,Card,Timeout,2,3,0.31983621526836925,1
TXN01435,8746,Wallet,Insufficient Funds,1,20,0.6299711817070558,0
TXN01436,27629,Card,Network Error,4,4,0.8517926457195807,0
TXN01437,11764,Netbanking,Network Error,5,19,0.48132460087234297,0
TXN01438,35837,UPI,Authentication Failed,1,23,0.6960737039758549,1
TXN01439,35896,Netbanking,Bank Declined,5,22,0.3503982244974987,0
TXN01440,24127,Card,Network Error,2,6,0.3282311127360591,1
TXN01441,29473,UPI,Bank Declined,2,9,0.3407955798132641,0
TXN01442,36497,UPI,Network Error,1,16,0.4250402137280096,0
TXN01443,20709,Card,Authentication Failed,5,6,0.4364235977143931,1
TXN01444,35935,Card,Timeout,2,0,0.5929146480228207,0
TXN01445,38809,Card,Authentication Failed,4,6,0.5559772240483956,1
TXN01446,19350,Card,Insufficient Funds,3,23,0.38372771285582974,0
TXN01447,21272,Card,Network Error,3,10,0.4894722241757026,1
TXN01448,11655,UPI,Insufficient Funds,2,8,0.07041946800185214,0
TXN01449,21974,Card,Insufficient Funds,5,11,0.4735711355660054,1
TXN01450,13181,UPI,Bank Declined,2,2,0.47702138089314805,0
TXN01451,24163,UPI,Network Error,5,3,0.5090705101712848,0
TXN01452,6919,Card,Insufficient Funds,4,3,0.6568587299813585,1
TXN01453,25812,Card,Timeout,5,12,0.8227203154587118,1
TXN01454,24862,Wallet,Insufficient Funds,2,22,0.6504358838607095,0
TXN01455,11146,UPI,Timeout,4,18,0.6464879562987226,1
TXN01456,31563,Card,Bank Declined,1,9,0.29165187648874424,0
TXN01457,28869,Card,Insufficient Funds,3,4,0.5373550052848907,1
TXN01458,23250,Card,Authentication Failed,2,6,0.34425164595602264,0
TXN01459,2811,Wallet,Bank Declined,2,23,0.5088607683642017,1
TXN01460,4953,Wallet,Timeout,2,15,0.34550055226422194,1
TXN01461,29177,Netbanking,Bank Declined,4,0,0.7777158816960876,1
TXN01462,23963,UPI,Insufficient Funds,1,11,0.13815844873325042,0
TXN01463,21892,Netbanking,Network Error,5,1,0.9321682549345168,1
TXN01464,40583,Card,Network Error,1,6,0.90496142158309,1
TXN01465,9042,Wallet,Timeout,4,10,0.6252079351074722,0
TXN01466,48375,Wallet,Timeout,2,12,0.8210577430127933,1
TXN01467,48694,Netbanking,Network Error,3,1,0.7336115516727072,1
TXN01468,1862,Wallet,Timeout,2,6,0.8621529496364214,1
TXN01469,32087,Card,Bank Declined,5,14,0.5022635705501384,0
TXN01470,15950,Wallet,Authentication Failed,3,10,0.7500659389710449,1
TXN01471,12212,Netbanking,Authentication Failed,2,1,0.5237197719456035,0
TXN01472,24158,Card,Bank Declined,3,6,0.8586760514899556,1
TXN01473,45520,Netbanking,Authentication Failed,1,3,0.5404604705776033,1
TXN01474,38990,Wallet,Insufficient Funds,4,10,0.3738334903536106,1
TXN01475,581,Netbanking,Bank Declined,2,1,0.7495503030944588,0
TXN01476,47404,Netbanking,Timeout,5,15,0.8751043842325864,1
TXN01477,33021,UPI,Bank Declined,1,6,0.5881423800248196,1
TXN01478,40485,Wallet,Network Error,2,12,0.4258584694465528,1
TXN01479,1624,Wallet,Timeout,1,4,0.6274307616703056,0
TXN01480,34988,Netbanking,Network Error,5,16,0.9776507520367749,1
TXN01481,15148,UPI,Timeout,2,20,0.8270903351274296,1
TXN01482,35211,Wallet,Authentication Failed,5,11,0.7678138227153926,1
TXN01483,38004,Card,Bank Declined,3,18,0.2229778491734681,0
TXN01484,34108,Netbanking,Insufficient Funds,5,6,0.37750162384391184,0
TXN01485,160,Wallet,Timeout,3,5,0.7526347935602887,1
TXN01486,9230,Card,Timeout,2,7,0.8810228785396522,1
TXN01487,18123,Wallet,Network Error,3,12,0.33449155750794,0
TXN01488,45180,Card,Authentication Failed,2,4,0.796707219949311,1
TXN01489,13450,Netbanking,Network Error,2,1,0.6838806557193381,0
TXN01490,24454,Wallet,Network Error,4,8,0.438119779403242,1
TXN01491,45286,Wallet,Authentication Failed,2,10,0.42207865151478996,1
TXN01492,28245,UPI,Insufficient Funds,3,23,0.24735068622609255,0
TXN01493,34120,Netbanking,Network Error,4,5,0.6716013240019331,1
TXN01494,20687,Card,Network Error,4,6,0.33617997593779225,1
TXN01495,41231,Wallet,Timeout,2,6,0.41097531094994644,0
TXN01496,9750,Wallet,Authentication Failed,5,18,0.7688851303630477,0
TXN01497,20033,Card,Bank Declined,5,5,0.29282279352276774,0
TXN01498,20681,Netbanking,Insufficient Funds,4,10,0.21337738862068892,0
TXN01499,23493,UPI,Insufficient Funds,2,10,0.3673594239229101,0
TXN01500,23151,UPI,Authentication Failed,5,6,0.5619846216793314,1
TXN01501,26312,Wallet,Timeout,2,1,0.8345273357299109,1
TXN01502,49182,Card,Timeout,2,18,0.6131326986663314,0
TXN01503,4190,Wallet,Authentication Failed,4,3,0.752905234724877,1
TXN01504,7060,Card,Timeout,4,5,0.7328424149318201,1
TXN01505,35872,UPI,Insufficient Funds,1,16,0.1291698175966757,0
TXN01506,21620,Netbanking,Insufficient Funds,5,4,0.15943200687498701,0
TXN01507,49581,Card,Bank Declined,5,6,0.5059236078148396,0
TXN01508,36508,UPI,Authentication Failed,5,8,0.4778225751623277,0
TXN01509,28570,Wallet,Network Error,3,0,0.8204809887461061,1
TXN01510,20591,Card,Network Error,2,0,0.7065159978581462,0
TXN01511,1441,Netbanking,Bank Declined,4,18,0.4716931567015745,0
TXN01512,44723,Wallet,Bank Declined,5,5,0.3195321984152699,1
TXN01513,24891,Wallet,Timeout,1,17,0.4587859716278466,0
TXN01514,438,UPI,Bank Declined,5,9,0.6028507129283414,0
TXN01515,5995,Card,Bank Declined,2,10,0.4964071634298547,0
TXN01516,12354,Wallet,Network Error,2,0,0.6604492562024704,0
TXN01517,11444,Netbanking,Timeout,4,0,0.4194742047115636,0
TXN01518,1850,Card,Bank Declined,3,12,0.664034376641196,1
TXN01519,2521,Netbanking,Bank Declined,4,4,0.796777118599177,0
TXN01520,39987,Wallet,Timeout,5,19,0.48055765475083045,0
TXN01521,5419,Netbanking,Authentication Failed,1,0,0.5440599580822786,1
TXN01522,15996,UPI,Timeout,4,19,0.98,1
TXN01523,12018,Netbanking,Network Error,3,2,0.5332692183855093,0
TXN01524,25164,Card,Authentication Failed,4,17,0.6165324414466329,0
TXN01525,46717,Netbanking,Insufficient Funds,2,8,0.11313699014017106,0
TXN01526,28035,Netbanking,Timeout,5,13,0.7242105017356102,0
TXN01527,37741,UPI,Network Error,5,16,0.3627422413132325,0
TXN01528,29811,Netbanking,Authentication Failed,5,22,0.8714648047266753,1
TXN01529,4906,Netbanking,Timeout,5,13,0.800963856450618,1
TXN01530,41460,Wallet,Bank Declined,5,3,0.7517118516949945,1
TXN01531,12282,Wallet,Timeout,5,4,0.7928730525401457,1
TXN01532,22397,Card,Insufficient Funds,1,20,0.46281032525352594,0
TXN01533,19641,Wallet,Timeout,3,16,0.6149389467598537,0
TXN01534,29021,Wallet,Authentication Failed,5,21,0.8008613658327437,1
TXN01535,16874,Wallet,Authentication Failed,3,1,0.8697849672801441,1
TXN01536,44913,Wallet,Timeout,5,22,0.6493253210328569,1
TXN01537,37298,UPI,Authentication Failed,4,21,0.8520745344086833,1
TXN01538,8920,Wallet,Bank Declined,5,4,0.6083330369919622,1
TXN01539,24170,UPI,Timeout,2,3,0.6768689308275032,1
TXN01540,4332,UPI,Bank Declined,1,3,0.5181379130687497,0
TXN01541,11222,Wallet,Bank Declined,4,5,0.3465014330710839,1
TXN01542,15123,Netbanking,Network Error,4,19,0.30260376257264143,1
TXN01543,8107,UPI,Timeout,2,20,0.46905435879924284,0
TXN01544,18005,Netbanking,Authentication Failed,5,12,0.5568062201224956,0
TXN01545,41886,Netbanking,Bank Declined,1,21,0.46597196658182677,1
TXN01546,29498,Wallet,Network Error,4,4,0.6139396596018436,0
TXN01547,34368,Card,Timeout,1,22,0.98,1
TXN01548,6837,Wallet,Timeout,4,22,0.5451906594685293,1
TXN01549,36162,Card,Insufficient Funds,5,6,0.3665280575520755,1
TXN01550,25610,Card,Insufficient Funds,4,19,0.14346088594697373,0
TXN01551,19526,Wallet,Bank Declined,4,0,0.23357041270589135,0
TXN01552,37365,Wallet,Insufficient Funds,3,13,0.5927866602147461,0
TXN01553,17950,Card,Bank Declined,5,23,0.599478222550385,1
TXN01554,714,Wallet,Authentication Failed,2,3,0.7324933642307265,1
TXN01555,21876,Card,Bank Declined,2,16,0.30490395922058616,0
TXN01556,24177,Netbanking,Insufficient Funds,5,20,0.4502801398278836,1
TXN01557,9474,Wallet,Authentication Failed,2,13,0.3775497320389629,0
TXN01558,35535,Netbanking,Insufficient Funds,5,15,0.20964327183001394,0
TXN01559,31007,UPI,Bank Declined,2,13,0.20806820983708968,0
TXN01560,13509,Netbanking,Network Error,3,15,0.39123850649835035,0
TXN01561,16614,Netbanking,Timeout,2,23,0.5164876780497868,0
TXN01562,29966,Card,Insufficient Funds,4,19,0.13181513241365736,0
TXN01563,3083,Netbanking,Bank Declined,5,7,0.8901009082876563,1
TXN01564,31805,Wallet,Authentication Failed,1,23,0.41604285396676544,1
TXN01565,20762,Card,Insufficient Funds,1,2,0.14122676269162973,0
TXN01566,23610,UPI,Insufficient Funds,5,18,0.1893576189795704,1
TXN01567,12751,Wallet,Timeout,3,0,0.7113922598390335,1
TXN01568,41098,UPI,Bank Declined,2,1,0.24483046670535197,0
TXN01569,28635,Netbanking,Network Error,3,14,0.9037038910988097,1
TXN01570,6740,Wallet,Authentication Failed,1,21,0.8730497754660032,0
TXN01571,44647,Wallet,Bank Declined,5,9,0.3727231944671666,1
TXN01572,15417,UPI,Authentication Failed,5,17,0.5150666880136016,1
TXN01573,7664,Wallet,Insufficient Funds,3,21,0.06549411572064798,0
TXN01574,27445,Wallet,Timeout,3,13,0.748497157309055,1
TXN01575,48388,Wallet,Timeout,2,16,0.5897482406368122,1
TXN01576,28787,Netbanking,Network Error,4,12,0.48904092627108897,0
TXN01577,13837,UPI,Timeout,4,0,0.44478597743162596,0
TXN01578,9423,Wallet,Insufficient Funds,2,4,0.5078161543611323,0
TXN01579,15329,Card,Network Error,4,12,0.5913519217226201,0
TXN01580,44581,Card,Bank Declined,1,13,0.3257615023209384,1
TXN01581,8602,Card,Timeout,4,23,0.7823763570407768,1
TXN01582,645,Card,Network Error,2,2,0.6955505981256855,1
TXN01583,37214,Netbanking,Insufficient Funds,4,14,0.6510704384506473,0
TXN01584,29530,Wallet,Authentication Failed,5,18,0.28223312921354504,0
TXN01585,10096,UPI,Authentication Failed,3,16,0.7499666213611194,0
TXN01586,27888,Wallet,Insufficient Funds,1,2,0.5214617507720812,0
TXN01587,30069,Netbanking,Insufficient Funds,5,15,0.13050765577966847,0
TXN01588,48643,Card,Authentication Failed,5,13,0.6863745109102044,0
TXN01589,14019,Netbanking,Network Error,2,11,0.6090831022158812,0
TXN01590,3910,Wallet,Authentication Failed,3,11,0.8614893498890901,1
TXN01591,30686,UPI,Insufficient Funds,3,10,0.14912794543252952,0
TXN01592,40074,Netbanking,Timeout,1,16,0.7499833735710165,1
TXN01593,41873,UPI,Bank Declined,2,7,0.46738603182406213,1
TXN01594,16471,Netbanking,Timeout,1,16,0.9697702694136144,1
TXN01595,45184,UPI,Timeout,4,20,0.5309824267031935,1
TXN01596,29729,UPI,Insufficient Funds,5,22,0.72353013664426,1
TXN01597,8536,Card,Authentication Failed,1,19,0.8310400957705244,1
TXN01598,13084,UPI,Network Error,5,10,0.48926826471745943,0
TXN01599,33139,Card,Timeout,2,1,0.8624792437784993,0
TXN01600,19995,Wallet,Authentication Failed,4,9,0.8969229412624542,1
TXN01601,18255,Wallet,Network Error,2,9,0.47686410151989767,1
TXN01602,10716,Card,Timeout,4,10,0.6057440185263238,1
TXN01603,37229,Card,Network Error,4,5,0.6641265155967317,1
TXN01604,39937,Netbanking,Authentication Failed,5,3,0.406451795062705,0
TXN01605,24674,Netbanking,Bank Declined,2,23,0.21068538775222084,0
TXN01606,3530,Netbanking,Authentication Failed,2,11,0.3540904709382687,0
TXN01607,12776,Wallet,Insufficient Funds,1,10,0.2473558190392309,0
TXN01608,10916,Netbanking,Network Error,2,22,0.610519790922731,0
TXN01609,32833,UPI,Bank Declined,1,22,0.3197717348893813,1
TXN01610,20244,UPI,Network Error,3,12,0.9112780496841707,1
TXN01611,2150,Netbanking,Network Error,3,4,0.7934377929119353,1
TXN01612,44560,UPI,Timeout,3,5,0.35964033429176334,1
TXN01613,34033,Wallet,Insufficient Funds,2,0,0.5050647157979519,1
TXN01614,25051,UPI,Network Error,2,5,0.7575595334839342,1
TXN01615,32513,Wallet,Authentication Failed,1,17,0.8693548215505393,1
TXN01616,34901,Card,Authentication Failed,4,21,0.20211460994931288,0
TXN01617,33013,Card,Timeout,1,8,0.473552714864065,0
TXN01618,47137,Card,Insufficient Funds,3,23,0.6994540355627207,0
TXN01619,40700,Card,Insufficient Funds,1,14,0.702493740778798,1
TXN01620,25380,UPI,Authentication Failed,4,7,0.7044104935594462,1
TXN01621,24657,Netbanking,Bank Declined,2,18,0.7360343247332779,0
TXN01622,47154,UPI,Timeout,1,23,0.364038070550753,1
TXN01623,35500,Wallet,Timeout,3,15,0.6597130843447635,0
TXN01624,4594,UPI,Authentication Failed,3,5,0.3621080939022996,0
TXN01625,15252,UPI,Authentication Failed,2,5,0.32685263052953206,1
TXN01626,23995,Wallet,Bank Declined,1,21,0.7672123093863328,1
TXN01627,9255,Card,Bank Declined,4,2,0.29452669567638323,1
TXN01628,31983,Card,Insufficient Funds,2,9,0.3780561458974696,1
TXN01629,43294,Card,Timeout,1,0,0.957004767710223,1
TXN01630,43101,Netbanking,Timeout,5,13,0.4300824388957398,0
TXN01631,1928,Wallet,Authentication Failed,3,3,0.8845953966167641,1
TXN01632,45128,Wallet,Insufficient Funds,4,11,0.7460015900327414,1
TXN01633,41998,UPI,Timeout,4,5,0.6889320082776821,1
TXN01634,32223,Netbanking,Insufficient Funds,4,10,0.16909991812401057,0
TXN01635,37673,Card,Insufficient Funds,3,11,0.2712734215586269,1
TXN01636,906,Netbanking,Authentication Failed,1,9,0.4971449828735746,1
TXN01637,41070,Wallet,Insufficient Funds,2,17,0.266526957050756,1
TXN01638,29857,Wallet,Bank Declined,1,6,0.3964449059135611,0
TXN01639,34736,UPI,Bank Declined,2,6,0.8805607964514504,1
TXN01640,14661,UPI,Network Error,4,10,0.40735537919102194,0
TXN01641,48380,Wallet,Authentication Failed,1,3,0.7133295361018035,1
TXN01642,24362,Card,Network Error,4,19,0.3002872026074224,0
TXN01643,14999,Card,Bank Declined,5,0,0.6173278685816638,1
TXN01644,49088,Netbanking,Network Error,4,12,0.9411601027678366,1
TXN01645,16034,Wallet,Authentication Failed,4,17,0.4015538658652533,1
TXN01646,38297,Wallet,Authentication Failed,2,8,0.3298681826804034,1
TXN01647,41944,Card,Insufficient Funds,5,23,0.5061758564148988,0
TXN01648,36432,Card,Timeout,4,23,0.7988209851088751,1
TXN01649,34257,Wallet,Insufficient Funds,4,8,0.5316213632663869,1
TXN01650,11693,UPI,Authentication Failed,5,22,0.42352181601496186,0
TXN01651,40142,Wallet,Bank Declined,5,8,0.3765416815115316,0
TXN01652,17420,Wallet,Bank Declined,1,9,0.869143159973431,1
TXN01653,27476,Card,Insufficient Funds,2,1,0.6963096557889507,1
TXN01654,43613,Card,Authentication Failed,5,5,0.5201216269249742,0
TXN01655,14299,UPI,Bank Declined,5,14,0.7923357063080614,1
TXN01656,15976,UPI,Authentication Failed,3,2,0.5166264343440072,0
TXN01657,8345,Netbanking,Bank Declined,5,10,0.49707231265075724,0
TXN01658,7314,Wallet,Authentication Failed,2,5,0.30973406331950626,0
TXN01659,826,Card,Network Error,4,2,0.598484239544381,1
TXN01660,46700,UPI,Authentication Failed,4,23,0.5761918570198649,1
TXN01661,11462,Netbanking,Authentication Failed,4,10,0.21575302920008055,0
TXN01662,18397,Netbanking,Insufficient Funds,4,14,0.3608791036227844,0
TXN01663,30548,Card,Network Error,3,12,0.8469493528766402,1
TXN01664,26272,Card,Timeout,5,19,0.7760322394619888,0
TXN01665,42974,Netbanking,Insufficient Funds,4,9,0.4946098922047545,1
TXN01666,7757,UPI,Timeout,1,5,0.9366887999060417,1
TXN01667,18950,Netbanking,Bank Declined,4,14,0.212622406877661,0
TXN01668,25525,Wallet,Timeout,5,17,0.6899333103345638,0
TXN01669,26785,Wallet,Authentication Failed,4,17,0.7511441938867949,1
TXN01670,47419,Card,Timeout,3,6,0.678934767890887,1
TXN01671,24678,UPI,Insufficient Funds,2,14,0.27672688680626545,0
TXN01672,28931,UPI,Insufficient Funds,2,17,0.14537539556438453,0
TXN01673,8006,Wallet,Timeout,5,17,0.9212941502713338,1
TXN01674,7387,Netbanking,Insufficient Funds,2,19,0.37953367467132204,0
TXN01675,33760,Card,Insufficient Funds,2,8,0.6646806378899909,1
TXN01676,10322,Netbanking,Timeout,1,23,0.7100964857032178,1
TXN01677,37543,Netbanking,Network Error,5,1,0.7719344816305005,1
TXN01678,34801,Netbanking,Network Error,5,7,0.862982808064915,1
TXN01679,17864,UPI,Bank Declined,2,19,0.661408881220094,0
TXN01680,44741,Wallet,Insufficient Funds,2,1,0.3286383884752564,0
TXN01681,17774,UPI,Timeout,2,10,0.6595433687500557,1
TXN01682,18124,Wallet,Insufficient Funds,3,6,0.6121318672731159,0
TXN01683,46107,Card,Authentication Failed,4,5,0.4615552074610889,0
TXN01684,23974,Card,Insufficient Funds,3,9,0.32168501973794794,1
TXN01685,43742,Netbanking,Insufficient Funds,5,4,0.11698308124060083,0
TXN01686,32384,Wallet,Network Error,1,10,0.9402091046552233,1
TXN01687,17702,Wallet,Timeout,4,0,0.3637254204618092,0
TXN01688,37884,Wallet,Insufficient Funds,1,1,0.5037464242139891,0
TXN01689,23365,Netbanking,Network Error,5,23,0.5892361351619584,1
TXN01690,26031,Netbanking,Bank Declined,5,0,0.48393357317880964,0
TXN01691,28941,Card,Network Error,1,18,0.7756862856008787,1
TXN01692,29292,UPI,Network Error,1,1,0.3469656128409151,1
TXN01693,46642,Wallet,Network Error,1,20,0.7155940480660042,0
TXN01694,42620,Wallet,Insufficient Funds,5,19,0.5904222501806483,1
TXN01695,15685,UPI,Insufficient Funds,2,22,0.629748930520616,0
TXN01696,25659,Wallet,Bank Declined,1,20,0.3193712725756427,1
TXN01697,40159,Netbanking,Authentication Failed,4,23,0.8281933350547215,0
TXN01698,33842,Netbanking,Authentication Failed,5,3,0.6593022642932096,1
TXN01699,4233,Wallet,Authentication Failed,3,11,0.8172983605744779,1
TXN01700,14763,Netbanking,Bank Declined,3,21,0.5396965019771387,1
TXN01701,21854,Netbanking,Authentication Failed,4,19,0.5794233415680414,0
TXN01702,4072,Wallet,Authentication Failed,2,17,0.8433267939200697,0
TXN01703,5395,Card,Network Error,1,0,0.9299366803482702,1
TXN01704,46781,UPI,Insufficient Funds,5,0,0.36371261135830135,0
TXN01705,41973,Netbanking,Insufficient Funds,1,23,0.2420888421449772,0
TXN01706,29225,Card,Network Error,5,13,0.5752193041949849,0
TXN01707,41096,Netbanking,Network Error,3,3,0.5714350299708248,0
TXN01708,10003,Netbanking,Network Error,1,4,0.5008068124879558,1
TXN01709,3120,UPI,Insufficient Funds,4,10,0.23800572303307657,0
TXN01710,41855,Netbanking,Authentication Failed,2,23,0.8027440555358036,0
TXN01711,20520,UPI,Network Error,4,22,0.3489033444792632,0
TXN01712,21552,UPI,Bank Declined,2,12,0.6743278274697159,0
TXN01713,45748,UPI,Network Error,1,15,0.42097403601951666,0
TXN01714,38101,Card,Timeout,1,23,0.5411541253758443,1
TXN01715,9616,Wallet,Network Error,2,12,0.3430801238943858,0
TXN01716,47427,Card,Insufficient Funds,3,23,0.23898154579882344,0
TXN01717,49569,Wallet,Network Error,5,21,0.8378947497820693,0
TXN01718,2496,Wallet,Timeout,4,1,0.919510727183081,1
TXN01719,18646,UPI,Bank Declined,4,15,0.35506900633165694,0
TXN01720,19229,Netbanking,Authentication Failed,4,5,0.5244834874812453,0
TXN01721,1691,UPI,Network Error,1,13,0.6292268335560444,1
TXN01722,11403,Netbanking,Timeout,4,0,0.9115027140318138,1
TXN01723,30661,Wallet,Timeout,5,16,0.8339593370130637,0
TXN01724,6283,UPI,Bank Declined,5,10,0.5591540528576349,0
TXN01725,26672,Netbanking,Insufficient Funds,2,18,0.5195230403302413,1
TXN01726,34180,Card,Network Error,1,2,0.8931485377365568,1
TXN01727,20795,Netbanking,Timeout,5,10,0.3066772678178815,0
TXN01728,7414,UPI,Bank Declined,3,4,0.48202302173503403,1
TXN01729,19723,Card,Authentication Failed,1,16,0.835070217093955,1
TXN01730,2239,Netbanking,Timeout,1,21,0.818219121590766,0
TXN01731,47556,Netbanking,Bank Declined,5,6,0.5799889620338523,0
TXN01732,31390,Netbanking,Insufficient Funds,3,9,0.4207511689245934,0
TXN01733,18188,Netbanking,Insufficient Funds,2,10,0.2934390683231064,0
TXN01734,39792,Netbanking,Timeout,5,2,0.6643643735490602,1
TXN01735,33230,Card,Timeout,3,19,0.7587682396244172,1
TXN01736,32188,Wallet,Network Error,1,9,0.5928541269001552,1
TXN01737,26392,Card,Bank Declined,3,9,0.6999072024745218,1
TXN01738,46349,Card,Timeout,1,13,0.90286255908227,1
TXN01739,20770,Card,Network Error,5,11,0.4082793937294028,0
TXN01740,3838,Wallet,Network Error,5,14,0.6160829159721971,1
TXN01741,2569,UPI,Timeout,4,9,0.5856140638995567,1
TXN01742,22634,Wallet,Insufficient Funds,4,9,0.5312253628348097,0
TXN01743,48974,Card,Bank Declined,4,18,0.37490722568055057,0
TXN01744,49808,Netbanking,Bank Declined,5,0,0.6481756404665934,0
TXN01745,9117,Netbanking,Insufficient Funds,2,23,0.6642424692120416,0
TXN01746,2908,Card,Timeout,5,9,0.5926921198555358,1
TXN01747,49238,Netbanking,Bank Declined,3,1,0.837710989985454,1
TXN01748,47738,Card,Timeout,5,16,0.98,1
TXN01749,12813,Netbanking,Timeout,5,23,0.37426443496356643,1
TXN01750,40429,Wallet,Network Error,1,6,0.463137231589401,1
TXN01751,2819,UPI,Insufficient Funds,1,6,0.7152658260374652,1
TXN01752,22990,UPI,Timeout,1,19,0.9708293805369707,1
TXN01753,11800,Wallet,Authentication Failed,5,8,0.2683950927707309,0
TXN01754,36609,Wallet,Insufficient Funds,2,21,0.06049895026399568,0
TXN01755,42634,Card,Bank Declined,3,1,0.3127700162794956,1
TXN01756,36866,Card,Network Error,3,13,0.98,1
TXN01757,26805,Card,Bank Declined,2,16,0.3259997316274808,1
TXN01758,18887,Netbanking,Bank Declined,2,0,0.5517833247054162,0
TXN01759,48945,Card,Insufficient Funds,3,8,0.6438924085013576,0
TXN01760,26688,Wallet,Bank Declined,4,19,0.21428112748174444,0
TXN01761,26223,UPI,Timeout,1,20,0.7231422875809216,1
TXN01762,33162,Netbanking,Bank Declined,1,18,0.39391781420873706,0
TXN01763,10277,Card,Network Error,3,3,0.903634441507812,1
TXN01764,21827,Netbanking,Network Error,2,7,0.49842280448485543,1
TXN01765,30320,Netbanking,Authentication Failed,4,12,0.6807290041973362,1
TXN01766,9982,Card,Network Error,3,3,0.7719537427131778,1
TXN01767,1236,Netbanking,Bank Declined,1,8,0.355045484201748,0
TXN01768,34932,UPI,Network Error,5,8,0.3243594399078451,1
TXN01769,32066,Wallet,Insufficient Funds,2,21,0.3364747016497781,0
TXN01770,7109,Wallet,Network Error,5,17,0.5024352063761088,1
TXN01771,13087,UPI,Timeout,3,11,0.8662844247295959,0
TXN01772,37411,Netbanking,Insufficient Funds,1,9,0.6102549319187417,1
TXN01773,31675,Card,Authentication Failed,4,10,0.5199167665348379,0
TXN01774,1107,Netbanking,Timeout,5,6,0.7245585577262532,0
TXN01775,5545,UPI,Bank Declined,4,8,0.6229816611908476,1
TXN01776,10806,Netbanking,Bank Declined,1,5,0.7790107038993364,1
TXN01777,47617,Wallet,Bank Declined,5,18,0.4975016898862382,0
TXN01778,44586,Netbanking,Timeout,4,15,0.4928126758533563,1
TXN01779,29357,UPI,Timeout,4,14,0.48552444269838324,0
TXN01780,21836,Wallet,Timeout,5,6,0.6753345954975428,1
TXN01781,42307,Netbanking,Insufficient Funds,1,15,0.36440374191254876,1
TXN01782,13381,Netbanking,Insufficient Funds,4,4,0.3580845396894553,0
TXN01783,1535,Wallet,Bank Declined,3,15,0.26379613736279506,0
TXN01784,33439,Card,Network Error,5,0,0.8030226184831369,0
TXN01785,35250,Wallet,Bank Declined,2,18,0.34961568158733747,0
TXN01786,25921,Card,Authentication Failed,2,4,0.33786754114610495,0
TXN01787,26760,UPI,Insufficient Funds,1,6,0.3389308241941754,0
TXN01788,5184,UPI,Timeout,3,18,0.45944483913246104,0
TXN01789,16761,Wallet,Insufficient Funds,4,21,0.4587007871156107,0
TXN01790,13607,Wallet,Timeout,2,4,0.5600243375341301,1
TXN01791,7159,UPI,Authentication Failed,1,16,0.514238205814953,0
TXN01792,18371,Card,Authentication Failed,3,21,0.5760185251228203,1
TXN01793,45639,UPI,Insufficient Funds,3,7,0.19247486573726338,0
TXN01794,7591,Wallet,Timeout,1,0,0.4090261360058709,0
TXN01795,47395,UPI,Authentication Failed,1,1,0.8162953320115234,1
TXN01796,14959,Wallet,Bank Declined,4,14,0.5036065919819948,1
TXN01797,8173,Wallet,Bank Declined,1,19,0.4884655267427774,1
TXN01798,9177,UPI,Timeout,4,17,0.32492850519098904,0
TXN01799,21053,Card,Insufficient Funds,4,10,0.3985834118111752,0
TXN01800,11483,Netbanking,Authentication Failed,5,9,0.5879188051277,0
TXN01801,49246,UPI,Insufficient Funds,3,23,0.44118860966826656,1
TXN01802,2453,Netbanking,Bank Declined,3,23,0.6949218185260191,1
TXN01803,23921,UPI,Authentication Failed,3,3,0.32423728449370826,1
TXN01804,37667,Netbanking,Insufficient Funds,5,4,0.22655619396143314,0
TXN01805,49938,Card,Network Error,4,3,0.8675113256612889,1
TXN01806,24960,Card,Timeout,4,12,0.9630194317903756,1
TXN01807,21295,UPI,Timeout,1,12,0.39515292315712447,1
TXN01808,12039,Wallet,Network Error,5,17,0.6483546881536527,1
TXN01809,25438,Netbanking,Bank Declined,1,23,0.3499233769177108,1
TXN01810,21830,Wallet,Authentication Failed,5,1,0.2420512178484877,1
TXN01811,21527,Wallet,Timeout,1,15,0.5278523366882948,0
TXN01812,35296,Wallet,Network Error,2,0,0.4005813376289489,0
TXN01813,27183,Card,Network Error,3,18,0.7969531514039724,1
TXN01814,21610,UPI,Bank Declined,3,8,0.5736077895700111,1
TXN01815,44164,UPI,Bank Declined,4,2,0.3006841296932176,1
TXN01816,7913,Card,Insufficient Funds,2,6,0.056469111883860085,0
TXN01817,31698,Card,Timeout,3,9,0.8657099343169489,0
TXN01818,47282,UPI,Insufficient Funds,4,0,0.1733360843149733,0
TXN01819,27670,Wallet,Network Error,2,9,0.7243516495545362,0
TXN01820,27182,Netbanking,Authentication Failed,3,20,0.4358453391537219,0
TXN01821,29341,Netbanking,Authentication Failed,1,8,0.609840156820525,1
TXN01822,30778,Netbanking,Bank Declined,5,14,0.42095753888762677,0
TXN01823,44669,Wallet,Authentication Failed,2,14,0.2608576924845779,1
TXN01824,11845,UPI,Authentication Failed,4,2,0.3560650059904275,0
TXN01825,26129,Card,Authentication Failed,2,4,0.33164099653535295,1
TXN01826,13125,UPI,Network Error,4,8,0.5996135467077507,0
TXN01827,36224,Wallet,Authentication Failed,2,21,0.6607986483983102,1
TXN01828,14388,Card,Authentication Failed,4,8,0.3846642524624503,0
TXN01829,23750,Wallet,Authentication Failed,3,22,0.20844895471043257,1
TXN01830,6640,Netbanking,Insufficient Funds,1,6,0.41325615498532986,0
TXN01831,32332,Netbanking,Network Error,3,23,0.7240316425512804,0
TXN01832,16522,Wallet,Bank Declined,1,22,0.8740093458012668,0
TXN01833,3442,Card,Insufficient Funds,3,11,0.46262956216527273,0
TXN01834,41946,Card,Timeout,3,8,0.6298207915646993,0
TXN01835,35712,UPI,Network Error,2,5,0.7013811381283926,1
TXN01836,10496,Netbanking,Network Error,5,22,0.949530440903419,1
TXN01837,17582,UPI,Timeout,4,1,0.8798647019211524,1
TXN01838,23511,UPI,Timeout,4,8,0.5260851133546656,1
TXN01839,46866,Wallet,Timeout,4,16,0.46607805455999607,0
TXN01840,13361,Wallet,Bank Declined,1,0,0.38384352865625154,1
TXN01841,3193,UPI,Authentication Failed,4,18,0.553094727800649,0
TXN01842,11822,Netbanking,Network Error,4,5,0.8208346158600045,1
TXN01843,22142,Wallet,Authentication Failed,2,4,0.5522534450280734,1
TXN01844,44513,UPI,Authentication Failed,3,1,0.24745747707967883,0
TXN01845,47951,UPI,Timeout,4,8,0.8065064903079865,1
TXN01846,28187,UPI,Bank Declined,5,13,0.7641790900696677,1
TXN01847,32447,UPI,Insufficient Funds,4,3,0.2526485055838037,0
TXN01848,33856,UPI,Bank Declined,1,3,0.6648880174983453,0
TXN01849,39314,UPI,Authentication Failed,1,20,0.4986143307380754,0
TXN01850,16435,Wallet,Bank Declined,1,14,0.82238354900921,0
TXN01851,28702,Netbanking,Timeout,4,7,0.8916578907125178,1
TXN01852,49001,UPI,Insufficient Funds,2,3,0.4178023988167495,1
TXN01853,34550,Card,Timeout,5,15,0.7840538820695161,1
TXN01854,32296,Wallet,Insufficient Funds,4,20,0.6683447907154728,1
TXN01855,5726,Wallet,Authentication Failed,2,3,0.5470019070547929,1
TXN01856,7524,UPI,Insufficient Funds,2,15,0.26927551834217534,0
TXN01857,12957,Wallet,Insufficient Funds,4,21,0.5775662965367069,1
TXN01858,45023,UPI,Insufficient Funds,4,11,0.2040463783492842,0
TXN01859,20082,Netbanking,Bank Declined,2,15,0.4719718036042294,0
TXN01860,11525,Netbanking,Bank Declined,2,18,0.8060090659747556,1
TXN01861,2080,Wallet,Authentication Failed,2,7,0.7070956381885205,1
TXN01862,48390,Wallet,Insufficient Funds,4,5,0.3326677036732495,0
TXN01863,26531,Card,Network Error,2,9,0.4503211516858502,0
TXN01864,19540,Wallet,Authentication Failed,1,4,0.44917787358256556,1
TXN01865,41852,Card,Insufficient Funds,4,17,0.2488729044592031,0
TXN01866,17275,Netbanking,Insufficient Funds,1,9,0.17326250156069775,0
TXN01867,48751,Netbanking,Bank Declined,3,9,0.7203330394959597,0
TXN01868,26485,UPI,Authentication Failed,4,6,0.37644892079512005,0
TXN01869,38258,Netbanking,Insufficient Funds,3,17,0.36791722911743463,0
TXN01870,23119,Card,Insufficient Funds,2,0,0.3201016127852764,0
TXN01871,18739,Wallet,Authentication Failed,2,6,0.8874541650449415,1
TXN01872,20094,UPI,Network Error,5,20,0.5737645709037543,0
TXN01873,34475,Card,Authentication Failed,2,0,0.25598773795772833,0
TXN01874,21663,Wallet,Authentication Failed,3,14,0.2628780268004588,1
TXN01875,39441,UPI,Network Error,2,3,0.7135276049471454,1
TXN01876,5876,Netbanking,Authentication Failed,4,19,0.6195544862167859,1
TXN01877,36544,Card,Insufficient Funds,2,9,0.3431312933378585,0
TXN01878,3480,Wallet,Authentication Failed,5,22,0.5022905846184207,1
TXN01879,8811,UPI,Network Error,2,8,0.33775280798860985,0
TXN01880,8882,UPI,Timeout,3,1,0.6615825572724835,1
TXN01881,17534,Netbanking,Authentication Failed,3,13,0.5533176327662461,0
TXN01882,46865,Wallet,Bank Declined,2,15,0.30468452298986115,0
TXN01883,20117,Netbanking,Insufficient Funds,3,0,0.12268757027764934,0
TXN01884,30807,Netbanking,Insufficient Funds,3,1,0.13650074341964338,0
TXN01885,39210,Wallet,Bank Declined,5,6,0.27071977254388097,1
TXN01886,17443,Wallet,Bank Declined,4,9,0.6267957368757319,1
TXN01887,38927,Wallet,Authentication Failed,5,21,0.33753785668204306,0
TXN01888,41752,Card,Bank Declined,1,19,0.3760011065312244,0
TXN01889,5755,Wallet,Timeout,5,0,0.42150050090600777,0
TXN01890,44959,UPI,Network Error,2,12,0.9704847131139521,1
TXN01891,15351,Netbanking,Bank Declined,4,0,0.7982322242062847,1
TXN01892,626,Card,Bank Declined,2,4,0.3613463861460646,1
TXN01893,3324,Wallet,Timeout,1,15,0.5292964057454882,0
TXN01894,47937,Card,Insufficient Funds,4,14,0.19692498961349805,0
TXN01895,11636,Wallet,Insufficient Funds,3,16,0.3943131716225766,0
TXN01896,28641,Card,Authentication Failed,5,22,0.21372737273197753,1
TXN01897,13647,Netbanking,Timeout,2,15,0.769957606227757,1
TXN01898,34631,Netbanking,Network Error,1,12,0.6662107048723491,0
TXN01899,8812,UPI,Network Error,3,10,0.9290472498107721,1
TXN01900,38665,UPI,Timeout,5,16,0.41507487902988993,0
TXN01901,9308,Wallet,Network Error,3,16,0.8628764722427921,1
TXN01902,5209,Netbanking,Insufficient Funds,5,1,0.604372710126701,1
TXN01903,49368,Card,Network Error,4,12,0.3890268324518209,1
TXN01904,35301,Card,Network Error,3,13,0.5789914569008893,1
TXN01905,17067,Card,Timeout,3,10,0.4191068488011618,0
TXN01906,29859,UPI,Timeout,3,9,0.4783043503202842,1
TXN01907,20272,Card,Network Error,4,2,0.48427232238138107,0
TXN01908,37035,UPI,Bank Declined,1,16,0.5893654758180409,1
TXN01909,26689,UPI,Timeout,5,14,0.5879876522323259,1
TXN01910,30115,Wallet,Authentication Failed,3,8,0.8634129628044136,1
TXN01911,29109,Card,Authentication Failed,4,9,0.2884590993629036,1
TXN01912,17873,Card,Insufficient Funds,1,7,0.7315844943951392,1
TXN01913,41225,Netbanking,Network Error,5,20,0.4614470481499847,0
TXN01914,26243,Wallet,Bank Declined,4,12,0.741011755467297,0
TXN01915,6254,Netbanking,Insufficient Funds,5,17,0.287278948320975,1
TXN01916,21904,Wallet,Network Error,3,4,0.4001569767921197,0
TXN01917,41788,Card,Timeout,1,5,0.9005224296723678,1
TXN01918,20681,UPI,Authentication Failed,4,16,0.4162026294655242,0
TXN01919,30187,UPI,Bank Declined,1,10,0.6611987829587895,0
TXN01920,33081,UPI,Authentication Failed,3,19,0.5965105795606386,0
TXN01921,3862,UPI,Timeout,1,15,0.630229416573612,1
TXN01922,46267,UPI,Network Error,1,8,0.6470736308539774,1
TXN01923,9868,Netbanking,Timeout,2,1,0.8125665398646013,1
TXN01924,43508,Wallet,Timeout,1,4,0.3614410398864084,0
TXN01925,39599,Card,Authentication Failed,5,0,0.6677264633705335,1
TXN01926,38659,Netbanking,Bank Declined,4,3,0.827068470979005,1
TXN01927,48690,Wallet,Timeout,2,3,0.34045173791390493,1
TXN01928,8883,UPI,Authentication Failed,4,21,0.29845733746356673,0
TXN01929,46489,Wallet,Bank Declined,4,2,0.701642355691422,1
TXN01930,29881,Wallet,Network Error,3,8,0.6060971537712322,1
TXN01931,30911,UPI,Network Error,3,21,0.5824840345695819,1
TXN01932,48887,UPI,Insufficient Funds,2,22,0.1458766441809651,0
TXN01933,35588,UPI,Authentication Failed,3,11,0.5547390285024516,1
TXN01934,9005,Card,Bank Declined,3,9,0.28858171783746406,0
TXN01935,9227,UPI,Timeout,3,1,0.6336343194173782,1
TXN01936,22531,Card,Network Error,4,10,0.8345307092731596,1
TXN01937,49253,UPI,Bank Declined,2,9,0.38078505052101447,0
TXN01938,6468,Card,Authentication Failed,4,21,0.5365503177258091,1
TXN01939,27524,Wallet,Insufficient Funds,5,5,0.7444111785777848,0
TXN01940,46924,Netbanking,Network Error,4,17,0.780655296347826,0
TXN01941,45104,Wallet,Bank Declined,5,1,0.7889497399136389,1
TXN01942,18433,Wallet,Bank Declined,1,1,0.490393324592382,1
TXN01943,23216,UPI,Bank Declined,1,9,0.7375026461880987,1
TXN01944,47319,Card,Authentication Failed,5,15,0.22835642105892529,0
TXN01945,43301,Netbanking,Authentication Failed,5,11,0.2860378277795715,0
TXN01946,15625,UPI,Authentication Failed,4,0,0.3421494150440435,0
TXN01947,23498,UPI,Timeout,5,20,0.5813663472306537,0
TXN01948,32957,UPI,Bank Declined,2,7,0.7920214148280342,1
TXN01949,10461,Wallet,Network Error,1,15,0.5423862355515513,0
TXN01950,16469,Card,Authentication Failed,1,17,0.6582348354608241,0
TXN01951,3141,Card,Authentication Failed,5,12,0.6965200063624384,1
TXN01952,205,Netbanking,Bank Declined,3,14,0.6103276478618389,0
TXN01953,9178,Card,Authentication Failed,3,20,0.45006937771909533,0
TXN01954,25103,Card,Timeout,5,11,0.703937339199481,1
TXN01955,6190,UPI,Timeout,2,7,0.5395859149528224,1
TXN01956,38950,UPI,Authentication Failed,3,9,0.25871161698640843,0
TXN01957,49886,Wallet,Bank Declined,5,13,0.89496278473021,1
TXN01958,2025,UPI,Bank Declined,2,4,0.28902771754275763,0
TXN01959,18540,UPI,Bank Declined,2,17,0.25064386868524013,1
TXN01960,39785,UPI,Insufficient Funds,4,18,0.6649715244450091,0
TXN01961,26115,UPI,Authentication Failed,2,14,0.4112842626250266,0
TXN01962,33420,Wallet,Bank Declined,3,5,0.6552078818514553,1
TXN01963,25391,UPI,Timeout,3,10,0.5303040107635629,0
TXN01964,36779,Netbanking,Network Error,5,20,0.5740179895561298,0
TXN01965,26389,Netbanking,Network Error,5,10,0.4834790804117576,0
TXN01966,3489,Netbanking,Bank Declined,2,19,0.4401308040551071,1
TXN01967,25783,Netbanking,Network Error,1,19,0.5874902804105802,1
TXN01968,13729,UPI,Network Error,4,20,0.8042912483646399,1
TXN01969,24926,Netbanking,Insufficient Funds,1,17,0.4080753359643542,1
TXN01970,35298,UPI,Timeout,2,17,0.9604956520098838,1
TXN01971,26730,Wallet,Timeout,2,9,0.32931627568714283,0
TXN01972,33326,Netbanking,Insufficient Funds,1,1,0.4021478258424197,0
TXN01973,46263,Card,Insufficient Funds,4,8,0.4589573521822027,0
TXN01974,33075,Netbanking,Network Error,1,13,0.9441378902519918,1
TXN01975,999,Netbanking,Authentication Failed,5,18,0.23441096653499932,0
TXN01976,11753,UPI,Network Error,3,9,0.7014497094546511,0
TXN01977,28061,Netbanking,Insufficient Funds,5,22,0.6475409499695698,1
TXN01978,16505,Card,Timeout,3,3,0.4693494096834656,0
TXN01979,8701,UPI,Network Error,2,5,0.9134046439667561,1
TXN01980,33762,UPI,Authentication Failed,4,13,0.21333038649200428,1
TXN01981,33382,Wallet,Network Error,1,3,0.8127182403936107,0
TXN01982,21388,Wallet,Bank Declined,4,14,0.853179254818057,1
TXN01983,29645,Netbanking,Network Error,1,15,0.7600383631480435,0
TXN01984,36977,Wallet,Insufficient Funds,5,6,0.35732047078631346,0
TXN01985,46126,Wallet,Timeout,5,16,0.33141671153090263,1
TXN01986,15413,Wallet,Timeout,1,18,0.9440796693258401,1
TXN01987,15449,UPI,Insufficient Funds,4,18,0.37920735588410237,1
TXN01988,7279,UPI,Bank Declined,1,16,0.22029772103516362,0
TXN01989,10426,UPI,Insufficient Funds,2,5,0.5328747499301333,0
TXN01990,44655,Wallet,Network Error,5,10,0.6372860775033807,1
TXN01991,1660,UPI,Insufficient Funds,2,15,0.1370417222096875,0
TXN01992,13712,Wallet,Insufficient Funds,5,7,0.1999902665171817,0
TXN01993,17750,UPI,Bank Declined,5,10,0.2451434763190924,1
TXN01994,26845,UPI,Network Error,3,6,0.7020054777960015,0
TXN01995,31990,Card,Authentication Failed,2,23,0.6354206354764065,1
TXN01996,20122,Netbanking,Authentication Failed,2,21,0.5540196088488111,0
TXN01997,4880,Wallet,Timeout,3,18,0.8719714931018304,1
TXN01998,18411,Card,Insufficient Funds,4,9,0.6527061749156094,1
TXN01999,28480,UPI,Timeout,2,8,0.7309370776781886,1
TXN02000,44762,Wallet,Bank Declined,1,3,0.2089295357952014,1
